ID Number,Celery ,Cereal Containing Gluten,Crustaceans,Eggs,Fish,Lupin,Milk,Molluscs,Mustard,Nuts,Peanuts,Sesame,Soya,Sulfur Dioxide,Cross-Contamination,Presence of Allergen,Incorrect Allergen Labelling,Missing Allergen Labelling,Packaged Incorrectly,Not Labelled in English,No. of food products recalled,Food Manufacturer,Genre of Food,Storage Type,Month of Recall,Date Of Recall,Use by / Best by date,Days to expiry,Past Expiry Date,Food Expire within 7 days,BB/UB
1,0,0,0,0,0,0,0,0,1,0,0,0,0,0,0,0,1,0,0,0,1,Sainsbury,"Condiments, Dressings, Sauces & Spices",Dry,1,06/01/2016,31/10/2017,664,0,0,-
2,0,0,0,0,0,0,1,0,0,0,0,0,0,0,0,0,0,1,0,0,1,Poundland Ltd,Sugar-based Confectionery,Dry,1,08/01/2016,,,,,-
3,0,1,0,0,0,0,1,0,0,0,0,0,0,0,0,0,0,0,1,0,1,Sainsbury,Ready-to-cook,Chilled,1,21/01/2016,24/01/2016,3,0,1,UB
4,0,0,0,0,0,0,0,0,1,0,0,0,0,0,0,0,0,1,0,0,1,Bart,"Condiments, Dressings, Sauces & Spices",Dry,1,28/01/2016,31/10/2018,1007,0,0,-
5,0,1,0,0,0,0,0,0,0,0,0,0,0,0,0,0,1,0,0,0,1,P&B Foods,Cereal & Bakery Products,Dry,2,04/02/2016,,,,,-
6,0,0,0,0,0,0,0,0,0,0,0,0,0,1,0,0,0,1,0,0,2,Chef's Kitchen Limited,Beverages,Dry,2,05/02/2016,,,,,-
7,0,0,0,0,0,0,1,0,0,0,0,0,1,0,1,0,0,0,0,0,1,Asco Foods Ltd,Cereal & Bakery Products,Dry,2,05/02/2016,30/09/2016,238,0,0,-
8,0,0,0,0,0,0,1,0,0,0,0,0,0,0,0,0,0,1,0,0,1,Wiper and True,Beverages,Dry,2,05/02/2016,18/05/2016,103,0,0,-
9,0,0,0,0,0,0,0,0,0,0,0,0,1,0,0,0,1,0,0,0,1,HEMA,Sugar-based Confectionery,Dry,2,11/02/2016,13/08/2016,184,0,0,-
10,0,0,0,0,0,0,0,0,0,0,0,1,0,0,1,0,0,0,0,0,3,Boulder Brands UK Ltd,Cereal & Bakery Products,Dry,2,16/02/2016,22/02/2016,6,0,1,BB
11,0,0,0,0,0,0,0,0,0,0,0,1,0,0,1,0,0,0,0,0,12,Boulder Brands UK Ltd; Asda; Tesco,Cereal & Bakery Products,Dry,2,17/02/2016,22/02/2016,5,0,1,BB
12,0,0,0,0,0,0,1,0,0,0,0,0,0,0,0,0,0,1,0,0,1,The Nut House Ltd,Cereal & Bakery Products,Dry,2,19/02/2016,29/05/2016,100,0,0,-
13,0,0,0,0,0,0,0,0,0,1,0,0,0,0,0,0,0,0,1,0,1,Asda,Cereal & Bakery Products,Dry,2,19/02/2016,22/02/2016,3,0,1,BB
14,0,0,0,0,0,0,1,0,0,0,0,0,0,0,0,0,1,0,0,0,2,British & Continental Food Brokers,Cereal & Bakery Products,Dry,2,25/02/2016,27/06/2016,123,0,0,-
15,0,1,0,0,0,0,1,0,0,0,0,0,1,0,0,0,0,1,0,0,1,SSP Gold Ltd,Cereal & Bakery Products,Dry,3,03/03/2016,11/02/2017,345,0,0,-
16,0,0,0,0,0,0,1,0,0,0,0,0,0,0,0,0,0,1,0,0,1,Poundstretcher,Cereal & Bakery Products,Dry,3,04/03/2016,08/08/2017,522,0,0,-
17,0,0,0,0,0,0,1,0,0,0,0,0,0,0,0,0,0,1,0,0,1,Poundworld Retail Ltd; T. J. Morris (Home Bargains),Cereal & Bakery Products,Dry,3,15/03/2016,08/08/2017,511,0,0,-
18,0,0,0,0,0,0,0,0,0,0,0,0,0,1,0,0,0,1,0,0,1,Z.P.H EDMAL,"Condiments, Dressings, Sauces & Spices",Dry,2,11/03/2016,17/05/2016,67,0,0,-
19,0,0,0,0,0,0,0,0,0,0,0,0,0,1,0,0,0,1,0,0,2,Z.P.H EDMAL,"Condiments, Dressings, Sauces & Spices",Dry,3,18/03/2016,17/05/2016,60,0,0,-
20,0,0,0,0,0,0,0,0,1,0,0,0,0,1,0,0,0,1,0,0,1,Shorrocks Cheese,Ready-to-eat,Chilled,2,11/03/2016,25/01/2017,320,0,0,-
21,0,0,0,0,0,0,1,0,0,0,0,0,0,0,0,0,0,1,0,0,1,Fatherson Bakery,Cereal & Bakery Products,Dry,3,24/03/2016,21/03/2016,-3,1,1,BB
22,0,0,0,0,0,0,0,0,0,0,0,0,0,1,1,0,0,0,0,0,4,Heron Foods,Ready-to-cook,Frozen,3,30/03/2016,30/11/2016,245,0,0,-
23,0,0,0,0,0,0,1,0,0,0,0,0,0,0,1,0,0,0,0,0,1,Manning Impex,Cereal & Bakery Products,Dry,3,31/03/2016,31/10/2016,214,0,0,-
24,0,1,0,0,0,0,0,0,0,0,0,0,0,0,0,0,0,1,0,0,1,Cook Trading Limited,Ready-to-cook,Frozen,4,06/04/2016,11/09/2016,158,0,0,-
25,0,0,0,0,0,0,1,0,0,0,0,0,0,0,0,0,0,1,0,0,3,Jacobsen Bakery Ltd,Cereal & Bakery Products,Dry,4,08/04/2016,,,,,-
26,0,0,0,0,0,0,1,0,0,0,0,0,0,0,1,0,0,0,0,0,1,Northern Foods Plus Limited,Cereal & Bakery Products,Dry,4,15/04/2016,05/11/2016,204,0,0,-
27,1,1,0,0,0,0,1,0,0,0,0,0,1,0,0,0,0,0,0,1,3,Lidl,Ready-to-cook,Frozen,4,16/04/2016,01/04/2017,350,0,0,-
28,1,0,0,1,1,0,1,0,0,1,0,0,0,1,0,0,0,0,0,1,1,SPAR,Ready-to-cook,Frozen,4,19/04/2016,31/01/2018,652,0,0,-
29,0,0,0,0,0,0,0,0,0,1,0,0,0,0,0,0,0,0,1,0,2,Sainsbury,"Nut, Nut Products & Seeds",Dry,4,22/04/2016,31/03/2017,343,0,0,-
30,0,1,0,0,0,0,1,0,1,0,0,1,1,0,0,0,0,1,0,0,5,Sara International Ltd,Cereal & Bakery Products,Dry,4,22/04/2016,04/02/2017,288,0,0,-
31,0,0,0,0,0,0,1,0,0,0,0,0,1,0,0,0,0,1,0,0,1,Ginco,Sugar-based Confectionery,Dry,4,25/04/2016,31/12/2016,250,0,0,-
32,0,1,0,1,1,0,1,0,1,0,0,0,0,0,0,0,0,0,0,1,4,Lidl,Ready-to-eat,Dry,4,29/04/2016,16/03/2020,1417,0,0,-
33,0,0,0,0,0,0,1,0,0,0,0,0,0,0,1,0,0,0,0,0,1,Asda,Ready-to-eat,Chilled,4,29/04/2016,06/05/2016,7,0,1,UB
34,0,1,0,0,0,0,0,1,0,0,0,0,1,0,0,0,0,0,1,0,3,AB World Foods,"Condiments, Dressings, Sauces & Spices",Dry,4,30/04/2016,,,,,-
35,0,1,0,0,0,0,0,0,0,0,0,0,0,0,0,0,0,0,0,1,1,Lidl,Ready-to-cook,Frozen,5,06/05/2016,18/04/2018,712,0,0,-
36,0,1,0,0,0,0,1,0,0,1,0,0,0,0,0,0,0,0,0,1,3,Lidl,Ready-to-eat,Chilled,5,14/05/2016,30/05/2016,16,0,0,-
37,0,0,0,0,0,0,1,0,0,0,0,0,0,0,0,1,0,0,0,0,1,Coffee#1,Cereal & Bakery Products,Dry,5,20/05/2016,,,,,-
38,0,1,0,0,0,0,1,0,0,0,0,0,1,0,0,0,0,0,0,1,1,Heron Foods,Cereal & Bakery Products,Dry,5,25/05/2016,09/07/2016,45,0,0,-
39,0,0,0,0,0,0,1,0,0,0,0,0,0,0,0,0,0,1,0,0,1,3D Trading,Cereal & Bakery Products,Dry,5,27/05/2016,31/05/2016,4,0,1,UB
40,0,0,0,0,0,0,1,0,0,0,0,0,0,0,0,0,0,1,0,0,4,3D Trading,Cereal & Bakery Products,Dry,6,01/06/2016,31/05/2016,-1,1,1,BB
41,0,0,0,0,0,0,1,0,0,0,0,0,0,0,0,0,0,1,0,0,1,Morrisons,Ready-to-cook,Chilled,5,27/05/2016,,,,,-
42,0,1,0,0,0,0,0,0,0,0,0,0,0,0,0,0,0,0,0,1,1,Lidl,Cereal & Bakery Products,Dry,6,03/06/2016,04/08/2016,62,0,0,-
43,0,0,0,0,0,0,0,0,0,0,0,0,1,0,1,0,0,0,0,0,1,Garth Bakery,Cereal & Bakery Products,Dry,6,08/06/2016,13/06/2016,5,0,1,BB
44,1,1,0,0,0,0,0,0,0,0,0,0,0,0,0,0,0,0,1,0,1,Waitrose,Soups & Broths,Chilled,6,17/06/2016,01/07/2016,14,0,0,-
45,0,0,0,0,0,0,0,0,0,0,0,0,1,0,0,0,0,1,0,0,1,Premia Health,Supplements,Dry,6,20/06/2016,30/11/2017,528,0,0,-
46,0,0,0,0,0,0,1,0,0,1,0,0,0,0,0,0,0,1,0,0,1,IKEA,Sugar-based Confectionery,Dry,6,27/06/2016,,,,,-
47,0,0,0,1,0,0,0,0,0,0,0,0,0,0,1,0,0,0,0,0,1,Marks & Spencer,Ready-to-eat,Chilled,6,28/06/2016,02/07/2016,4,0,1,UB
48,0,0,0,0,0,0,0,0,0,0,0,0,1,0,0,0,0,1,0,0,1,Country Pudding Ltd,Cereal & Bakery Products,Chilled,6,29/06/2016,13/01/2016,-168,1,1,BB
49,0,0,0,1,0,0,0,0,0,0,0,0,1,0,0,0,0,1,0,0,4,Premia Health,Supplements,Dry,7,01/07/2016,31/10/2016,122,0,0,-
50,0,0,0,0,0,0,1,0,0,0,0,0,0,0,0,0,0,1,0,0,1,Frozen Value Ltd,Sugar-based Confectionery,Frozen,7,05/07/2016,,,,,-
51,0,0,0,1,0,0,0,0,0,0,0,0,0,0,1,0,0,0,0,0,1,Fei Foods,Ready-to-cook,Dry,7,08/07/2016,25/11/2017,505,0,0,-
52,0,0,0,1,0,0,0,0,0,0,0,0,0,0,0,0,0,1,0,0,2,Premia Health,Supplements,Dry,7,08/07/2016,,,,,-
53,0,0,0,1,0,0,0,0,1,0,0,0,0,0,1,0,0,0,0,0,1,Booths,Ready-to-eat,Chilled,7,10/07/2016,11/07/2016,1,0,1,BB
54,0,0,0,1,0,0,0,0,0,0,0,0,0,0,0,0,0,0,1,0,1,Asda,Cereal & Bakery Products,Dry,7,19/07/2016,04/08/2016,16,0,0,-
55,0,0,1,0,0,0,0,0,0,0,0,0,0,0,1,0,0,0,0,0,1,Marks & Spencer,Cereal & Bakery Products,Dry,7,20/07/2016,08/11/2016,111,0,0,-
56,0,0,0,0,0,0,0,0,1,0,0,0,0,0,0,0,0,1,0,0,4,The Fine Cheese Co.,"Condiments, Dressings, Sauces & Spices",Dry,7,20/07/2016,,,,,-
57,0,1,0,1,0,0,0,0,0,0,0,0,1,0,0,0,0,1,0,0,2,Premia Health,Supplements,Dry,7,21/07/2016,,,,,-
58,0,0,0,0,0,0,1,0,0,0,0,0,0,0,0,0,1,0,0,0,1,Asda,Cereal & Bakery Products,Chilled,7,22/07/2016,16/03/2017,237,0,0,-
59,0,0,0,0,0,0,0,0,0,0,0,1,0,0,0,0,0,0,0,1,1,Lidl,Cereal & Bakery Products,Dry,7,22/07/2016,14/06/2016,-38,1,1,BB
60,0,0,0,0,0,0,0,0,0,1,0,0,0,0,0,0,0,1,0,0,6,IKEA,Sugar-based Confectionery,Dry,7,28/07/2016,,,,,-
61,0,0,0,0,0,0,1,0,0,0,0,0,0,0,0,0,0,0,0,1,1,Lidl,Ready-to-eat,Chilled,7,29/07/2016,18/08/2016,20,0,0,-
62,0,0,0,0,0,0,0,0,0,1,0,0,0,0,0,0,0,0,0,1,1,Lidl,"Nut, Nut Products & Seeds",Dry,8,29/07/2016,28/02/2017,214,0,0,-
63,0,0,0,0,0,0,0,0,1,0,0,0,0,0,0,0,1,0,0,0,1,Co-Op,Ready-to-eat,Chilled,7,31/07/2016,02/08/2016,2,0,1,UB
64,0,0,0,0,0,0,0,0,0,1,0,0,0,0,0,0,0,0,1,0,1,Waitrose,"Nut, Nut Products & Seeds",Dry,8,01/08/2016,05/01/2017,157,0,0,-
65,0,0,0,0,0,0,0,0,0,0,1,0,0,0,1,0,0,0,0,0,1,Interlink,Cereal & Bakery Products,Dry,8,05/08/2016,17/02/2017,196,0,0,-
66,0,0,0,0,0,0,1,0,0,0,0,0,0,0,0,0,0,0,1,0,1,Asda,Ready-to-eat,Chilled,8,27/08/2016,29/08/2016,2,0,1,UB
67,0,0,0,0,0,0,0,0,0,1,1,0,0,0,0,0,0,0,0,1,1,Lidl,"Nut, Nut Products & Seeds",Dry,8,31/08/2016,31/01/2017,153,0,0,-
68,0,0,0,0,0,0,0,0,0,0,1,0,0,0,0,0,0,1,0,0,1,Interlink,"Nut, Nut Products & Seeds",Dry,9,02/09/2016,28/02/2017,179,0,0,-
69,0,0,0,0,0,0,0,0,1,0,0,0,0,0,0,0,0,1,0,0,1,TRS,"Condiments, Dressings, Sauces & Spices",Dry,9,02/09/2016,28/02/2018,544,0,0,-
70,0,0,0,0,0,0,0,0,0,1,0,0,0,0,0,0,0,0,1,0,1,Waitrose,Cereal & Bakery Products,Dry,9,02/09/2016,30/03/2017,209,0,0,-
71,0,0,0,0,0,0,0,0,0,1,0,0,0,0,0,0,0,0,1,0,1,Sainsbury,Sugar-based Confectionery,Dry,9,04/09/2016,28/06/2017,297,0,0,-
72,0,0,0,0,0,0,0,0,0,0,0,0,1,0,0,0,1,0,0,0,1,Linwoods,Cereal & Bakery Products,Dry,9,07/09/2016,10/09/2016,3,0,1,BB
73,1,0,0,0,0,0,0,0,1,0,0,0,0,0,0,0,0,1,0,0,1,TRS,"Condiments, Dressings, Sauces & Spices",Dry,9,09/09/2016,,,,,-
74,0,1,0,0,0,0,0,0,0,1,0,0,0,1,0,0,1,0,0,0,7,Dorset Cereals,Cereal & Bakery Products,Dry,9,16/09/2016,,,,,-
75,0,1,0,0,0,0,0,0,0,0,0,0,0,0,0,1,0,0,0,0,1,Mister Free D,Cereal & Bakery Products,Dry,9,16/09/2016,09/04/2017,205,0,0,-
76,0,0,0,1,0,0,0,0,0,0,0,0,0,0,0,0,0,0,1,0,2,Quorn Foods,Soups & Broths,Chilled,9,27/09/2016,14/10/2016,17,0,0,-
77,0,0,0,0,0,0,0,0,1,0,0,0,0,0,0,0,0,1,0,0,1,Morrisons,Ready-to-cook,Chilled,9,28/09/2016,30/09/2016,2,0,1,UB
78,0,0,0,0,0,0,0,0,0,1,0,0,0,0,0,0,0,1,0,0,1,Waitrose,"Nut, Nut Products & Seeds",Dry,9,30/09/2016,31/03/2017,182,0,0,-
79,0,0,0,0,1,0,0,0,0,0,0,0,0,0,0,0,0,0,1,0,1,Island Delight,Ready-to-cook,Chilled,10,06/10/2016,12/10/2016,6,0,1,UB
80,0,0,0,0,0,0,1,0,0,0,0,0,0,0,0,0,0,1,0,0,1,Asda,Ready-to-cook,Chilled,10,07/10/2016,,,,,-
81,0,0,0,0,0,0,0,0,0,1,0,0,0,0,0,0,0,1,0,0,1,TRS,Ready-to-cook,Dry,10,10/10/2016,31/01/2017,113,0,0,-
82,0,0,0,0,0,0,0,0,0,0,0,0,0,1,0,0,1,0,0,0,2,Mackays Ltd,"Condiments, Dressings, Sauces & Spices",Dry,10,14/10/2016,31/07/2018,655,0,0,-
83,0,0,0,0,0,0,0,0,0,1,0,0,0,0,1,0,0,0,0,0,1,Lizzie's Food Factory,Cereal & Bakery Products,Dry,10,20/10/2016,20/10/2016,0,0,1,BB
84,0,1,0,0,0,0,0,0,0,0,0,0,0,0,0,0,0,1,0,0,1,Urja Impex Ltd,Cereal & Bakery Products,Dry,10,21/10/2016,31/05/2017,222,0,0,-
85,0,1,0,0,0,0,0,0,0,0,0,0,0,0,0,0,1,0,0,0,4,Gower Brewing,Beverages,Dry,11,01/11/2016,31/07/2017,272,0,0,-
86,0,0,0,0,0,0,1,0,0,0,0,0,0,0,0,0,0,1,0,0,1,Aldi,Ready-to-eat,Chilled,11,16/11/2016,,,,,-
87,0,0,0,0,0,0,0,0,0,0,1,0,0,0,1,0,0,0,0,0,1,Pip & Nut,"Condiments, Dressings, Sauces & Spices",Dry,11,18/11/2016,28/06/2017,222,0,0,-
88,0,0,0,0,0,0,1,0,0,0,0,0,0,0,0,0,0,1,0,0,6,Boost and Boom,Cereal & Bakery Products,Dry,12,07/12/2016,30/06/2017,205,0,0,-
89,0,0,0,0,0,0,1,0,0,0,0,0,0,0,0,0,0,0,1,0,1,Asda,Ready-to-cook,Chilled,12,02/12/2016,05/12/2016,3,0,1,UB
90,0,0,0,0,0,0,0,0,0,1,0,0,0,0,0,0,0,0,1,0,1,Dr Oetker,Sugar-based Confectionery,Dry,12,02/12/2016,08/08/2017,249,0,0,-
91,0,0,0,0,0,0,1,0,0,0,0,0,0,0,0,0,0,1,0,0,1,Asda,Ready-to-cook,Chilled,12,02/12/2016,07/12/2016,5,0,1,UB
92,0,0,0,0,0,0,0,0,0,1,0,0,0,0,0,0,0,0,1,0,1,Co-Op,Cereal & Bakery Products,Dry,12,13/12/2016,21/12/2016,8,0,0,-
93,0,1,0,0,0,0,0,0,0,0,0,1,1,0,0,0,0,1,0,0,4,Delphi Food Products Ltd,Ready-to-eat,Chilled,12,14/12/2016,07/01/2017,24,0,0,-
94,0,0,0,0,0,0,1,0,0,0,0,0,0,0,0,0,0,1,0,0,1,Lenny and Larry,Cereal & Bakery Products,Dry,12,23/12/2016,01/07/2017,190,0,0,-
95,0,0,0,0,0,0,1,0,0,0,0,0,0,0,1,0,0,0,0,0,1,Sainsbury,Cereal & Bakery Products,Dry,12,30/12/2016,04/03/2017,64,0,0,-
96,0,0,0,1,0,0,0,0,1,0,0,0,0,0,0,0,1,0,0,0,1,Booths,Ready-to-eat,Chilled,1,03/01/2017,05/01/2017,2,0,1,UB
97,0,1,0,0,0,0,0,0,0,0,0,0,1,0,0,0,0,0,1,0,1,PepsiCo,Cereal & Bakery Products,Dry,1,05/01/2017,08/04/2017,93,0,0,-
98,0,0,0,1,0,0,0,0,0,0,0,0,0,0,0,0,0,1,0,0,1,Heatherlea Bakery,Cereal & Bakery Products,Dry,1,09/01/2017,19/01/2017,10,0,0,-
99,0,1,0,1,1,0,1,0,0,0,0,0,1,0,0,0,1,0,0,0,3,Morrisons,Cereal & Bakery Products,Dry,1,12/01/2017,16/01/2017,4,0,1,BB
100,0,0,0,0,0,0,0,0,0,1,0,0,0,0,0,0,0,0,1,0,1,Tesco,Ready-to-cook,Chilled,1,16/01/2017,24/01/2017,8,0,0,-
101,0,0,0,0,0,0,0,0,0,0,1,0,0,0,1,0,0,0,0,0,1,Windmill Organics,"Condiments, Dressings, Sauces & Spices",Dry,1,17/01/2017,30/09/2018,621,0,0,-
102,0,1,0,0,0,0,1,0,0,0,0,0,1,1,0,0,0,1,0,0,1,B&M,Cereal & Bakery Products,Dry,1,20/01/2017,15/05/2017,115,0,0,-
103,0,0,0,0,0,0,0,0,1,0,0,0,0,0,0,0,0,1,0,0,2,New Covent Garden Soup Co,Soups & Broths,Chilled,1,27/01/2017,19/02/2017,23,0,0,-
104,0,0,0,0,1,0,1,0,0,0,0,0,0,0,0,0,0,0,1,0,1,Co-Op,Ready-to-eat,Chilled,1,27/01/2017,29/01/2017,,,,-
105,0,0,0,0,1,0,1,0,0,0,0,0,0,0,0,0,0,0,1,0,1,Co-Op,Ready-to-eat,Chilled,1,28/01/2017,31/01/2017,3,0,1,UB
106,0,0,0,0,0,0,1,0,0,0,0,0,0,0,0,0,0,1,0,0,1,Little Dish,Ready-to-cook,Chilled,1,31/01/2017,19/02/2017,19,0,0,-
107,0,1,0,0,0,0,1,0,0,0,0,0,0,0,1,0,0,0,0,0,1,Flynn's Fine Foods,Ready-to-eat,Chilled,2,04/02/2017,16/02/2017,,,,-
108,0,1,0,0,0,0,1,0,0,0,0,0,0,0,0,0,1,0,0,0,1,Poundstretcher,Cereal & Bakery Products,Dry,2,16/02/2017,30/04/2017,73,0,0,-
109,0,0,0,0,0,0,0,0,0,1,0,0,0,0,0,0,0,1,0,0,1,Uncle Roy's,"Condiments, Dressings, Sauces & Spices",Dry,3,02/03/2017,31/12/2017,304,0,0,-
110,0,0,0,1,0,0,0,0,0,0,0,0,0,0,1,0,0,0,0,0,1,Heatons,Sugar-based Confectionery,Dry,2,17/02/2017,08/09/2017,203,0,0,-
111,0,0,0,0,0,0,1,0,1,0,0,0,0,0,0,0,0,0,1,0,1,Waitrose,Ready-to-cook,Frozen,2,24/02/2017,28/02/2018,369,0,0,-
112,0,0,0,0,0,0,0,0,0,1,0,0,0,0,0,0,0,1,0,0,1,Uncle Roy's,"Condiments, Dressings, Sauces & Spices",Dry,2,19/02/2017,31/12/2017,,,,-
113,0,0,0,0,0,0,1,0,0,0,0,0,0,0,0,0,0,1,0,0,1,Zipvit Ltd,Supplements,Dry,3,03/03/2017,,,,,-
114,0,0,0,1,0,0,0,0,0,0,0,0,0,0,1,0,0,0,0,0,1,Tesco,Ready-to-cook,Frozen,3,03/03/2017,,,,,-
115,0,0,0,1,0,0,0,0,0,0,0,0,0,0,0,0,1,0,0,0,2,Seasalt Cornwall,Sugar-based Confectionery,Dry,3,03/03/2017,29/03/2017,26,0,0,-
116,1,1,0,0,0,0,1,0,0,0,0,0,0,1,0,0,0,1,0,0,6,Best Fresh,Ready-to-eat,Chilled,3,10/03/2017,10/03/2017,0,0,1,UB
117,0,0,0,1,0,0,0,0,0,0,0,0,0,0,0,0,1,0,0,0,2,Kernow Chocolate Co.,Sugar-based Confectionery,Dry,3,14/03/2017,22/03/2017,8,0,0,-
118,0,1,0,0,0,0,0,0,0,0,0,0,0,0,0,0,0,0,1,0,2,Lindt & Sprungli Ltd,Sugar-based Confectionery,Dry,3,14/03/2017,31/07/2017,139,0,0,-
119,0,0,0,1,0,0,1,0,1,0,0,1,0,0,0,0,0,0,1,0,1,Tesco,Ready-to-cook,Chilled,3,14/03/2017,19/03/2017,5,0,1,UB
120,0,0,0,0,0,0,1,0,0,0,0,0,0,0,0,0,1,0,0,0,1,SunVit-D3 Limited,Supplements,Dry,3,15/03/2017,28/02/2019,715,0,0,-
121,0,0,0,0,0,0,1,0,0,0,0,0,0,0,0,0,0,1,0,0,2,Craig Foods,Cereal & Bakery Products,Dry,3,22/03/2017,25/03/2017,3,0,1,BB
122,0,0,0,0,0,0,1,0,0,0,0,0,0,0,0,0,1,0,0,0,4,Homestead Homebakes,Cereal & Bakery Products,Dry,3,23/03/2017,17/04/2017,25,0,0,-
123,0,0,1,0,1,0,0,0,0,0,0,0,0,0,0,0,0,0,1,0,1,Sainsbury,Ready-to-eat,Chilled,3,28/03/2017,28/03/2017,0,0,1,UB
124,0,0,0,0,0,0,1,0,0,0,0,0,0,0,0,0,0,1,0,0,1,Thorntons,Sugar-based Confectionery,Dry,3,30/03/2017,,,,,-
125,0,1,0,1,0,0,1,0,0,0,0,0,0,0,0,0,0,1,0,0,3,Krunchi,Cereal & Bakery Products,Dry,4,04/04/2017,,,,,-
126,0,0,0,1,0,0,1,0,0,0,0,0,0,0,0,0,0,0,1,0,1,Tesco,Ready-to-cook,Chilled,4,04/04/2017,05/04/2017,1,0,1,UB
127,0,1,0,0,0,0,0,0,0,0,0,0,0,0,0,0,1,0,0,0,1,Hoo Hing Limited,Ready-to-cook,Dry,4,06/04/2017,15/11/2017,223,0,0,-
128,0,0,0,0,0,0,1,0,0,0,0,0,0,0,0,0,0,1,0,0,1,Interlink ,Sugar-based Confectionery,Dry,4,12/04/2017,21/02/2018,315,0,0,-
129,0,0,0,0,0,0,0,0,0,1,1,0,0,0,0,0,0,0,1,0,1,Nestle ,Sugar-based Confectionery,Dry,4,14/04/2017,31/12/2017,261,0,0,-
130,0,1,0,1,0,0,1,0,0,1,0,0,0,0,0,0,0,1,0,0,19,Fazal's,Sugar-based Confectionery,Dry,4,19/04/2017,30/05/2017,41,0,0,-
131,0,1,0,0,0,0,0,0,0,0,0,0,0,0,0,0,0,1,0,0,1,Asda,Ready-to-cook,Chilled,4,26/04/2017,29/04/2017,3,0,1,UB
132,0,0,0,0,0,0,1,0,0,0,0,0,0,0,0,1,0,0,0,0,5,Renew Life,Supplements,Dry,5,04/05/2017,,,,,-
133,0,1,0,0,0,0,0,0,0,0,0,0,0,0,0,0,0,0,1,0,1,Cofresh,Cereal & Bakery Products,Dry,5,06/05/2017,16/12/2017,224,0,0,-
134,0,0,0,0,0,0,0,0,0,1,0,0,0,0,0,0,1,0,0,0,1,Aldi,"Condiments, Dressings, Sauces & Spices",Dry,5,11/05/2017,12/12/2017,215,0,0,-
135,0,0,0,0,0,0,0,0,0,0,0,0,1,0,0,0,0,1,0,0,1,Musgrave ,Ready-to-cook,Chilled,5,19/05/2017,,,,,-
136,0,1,0,0,0,0,0,0,0,0,0,0,0,0,0,0,0,1,0,0,1,Aldi,Beverages,Dry,5,25/05/2017,,,,,-
137,0,1,0,0,0,0,1,0,0,0,0,0,0,0,0,0,0,1,0,0,1,Quorn Foods,Ready-to-cook,Chilled,5,31/05/2017,07/06/2017,7,0,1,UB
138,0,0,0,1,0,0,0,0,0,0,0,0,0,0,0,0,1,0,0,0,1,SPAR,Cereal & Bakery Products,Chilled,6,01/06/2017,,,,,-
139,0,1,0,0,0,0,0,0,0,0,0,0,0,0,0,1,0,0,0,0,1,Hepworth & Co Brewers Ltd,Beverages,Dry,6,02/06/2017,20/08/2018,444,0,0,-
140,0,1,0,0,0,0,0,0,0,0,0,0,0,0,0,1,0,0,0,0,1,Ashbourne Foods Ltd,Cereal & Bakery Products,Dry,6,06/06/2017,04/09/2017,90,0,0,-
141,0,0,0,0,0,0,1,0,0,0,0,0,0,0,0,0,0,1,0,0,1,Unilever,"Condiments, Dressings, Sauces & Spices",Dry,6,09/06/2017,,,,,-
142,0,1,0,0,0,0,0,0,0,0,0,0,1,0,0,0,0,1,0,0,2,Direct Food Solution Ltd,Ready-to-eat,Chilled,6,09/06/2017,07/06/2017,-2,1,1,UB
143,1,0,0,0,0,0,0,0,0,0,0,0,0,0,0,0,0,1,0,0,11,The Biltong Farm,Ready-to-eat,Dry,6,09/06/2017,28/02/2018,264,0,0,-
144,0,1,0,1,0,0,1,0,0,0,0,0,0,1,0,0,0,1,0,0,11,Cherry Tree Home Bakery,Cereal & Bakery Products,Dry,6,16/06/2017,26/06/2017,10,0,0,-
145,0,0,0,0,0,0,0,0,0,0,0,0,0,1,0,0,1,0,0,0,1,Hoo Hing Limited,"Condiments, Dressings, Sauces & Spices",Dry,6,27/06/2017,15/06/2018,353,0,0,-
146,0,1,0,0,0,0,1,0,0,0,0,0,1,0,0,0,0,0,1,0,1,Heron Foods,Ready-to-cook,Frozen,6,27/06/2017,31/08/2018,430,0,0,-
147,0,0,0,0,0,0,1,0,0,1,0,0,0,0,0,0,0,0,1,0,1,Sainsbury,"Condiments, Dressings, Sauces & Spices",Chilled,6,29/06/2017,05/07/2017,6,0,1,UB
148,0,1,0,0,0,0,1,0,0,0,0,0,1,0,0,0,1,0,0,0,1,CL Trading Ltd,Cereal & Bakery Products,Dry,7,05/07/2017,,,,,-
149,0,0,0,0,0,0,0,0,0,1,0,0,0,0,0,0,0,0,1,0,1,Waitrose,Cereal & Bakery Products,Dry,7,06/07/2017,23/12/2017,170,0,0,-
150,0,1,0,0,0,0,1,0,0,1,1,0,0,0,0,0,1,0,0,0,1,Clif Bar,Cereal & Bakery Products,Dry,7,07/07/2017,05/04/2016,-458,1,1,BB
151,0,0,0,0,0,0,0,0,0,0,0,0,1,1,0,0,0,0,1,0,1,The Great Northern Sandwich Co,Ready-to-eat,Chilled,7,11/07/2017,12/07/2017,1,0,1,UB
152,0,0,0,0,0,0,1,0,0,0,0,0,0,0,0,0,0,0,1,0,2,PepsiCo,Cereal & Bakery Products,Dry,7,13/07/2017,07/10/2017,86,0,0,-
153,0,0,0,0,0,0,1,0,0,0,0,0,0,0,0,0,0,1,0,0,1,Booths,Cereal & Bakery Products,Dry,7,14/07/2017,18/07/2017,4,0,1,BB
154,0,1,0,0,0,0,0,0,1,0,0,0,0,0,0,0,0,1,0,0,4,POE Limited,Cereal & Bakery Products,Dry,7,25/07/2017,09/11/2017,107,0,0,-
155,0,0,0,1,0,0,0,0,0,0,0,0,0,0,1,0,0,0,0,0,1,Tesco,"Condiments, Dressings, Sauces & Spices",Dry,8,14/08/2017,31/07/2018,351,0,0,-
156,1,1,0,0,0,0,1,0,1,0,0,0,0,0,0,0,0,0,0,1,3,Lidl,Ready-to-cook,Frozen,8,16/08/2017,13/01/2019,515,0,0,-
157,1,0,0,0,0,0,0,0,1,0,0,0,1,0,0,0,0,1,0,0,3,Frohwein's,Ready-to-cook,Chilled,8,24/08/2017,04/08/2017,-20,1,1,UB
158,0,0,0,0,0,0,0,0,1,0,0,0,0,0,0,0,0,0,1,0,1,Asda,Ready-to-cook,Chilled,9,01/09/2017,07/09/2017,6,0,1,UB
159,0,0,0,0,0,0,0,0,0,0,1,0,0,0,1,0,0,0,0,0,1,Whitworths Ltd,Sugar-based Confectionery,Dry,9,09/09/2017,31/07/2018,325,0,0,-
160,0,0,0,0,0,0,1,0,0,0,0,0,0,0,1,0,0,0,0,0,1,Tesco,Cereal & Bakery Products,Dry,9,12/09/2017,,,,,-
161,0,0,0,0,0,0,0,0,0,0,1,0,0,0,1,0,0,0,0,0,1,9Nine Brand Foods Ltd,Cereal & Bakery Products,Dry,9,19/09/2017,23/05/2018,246,0,0,-
162,0,0,0,0,0,0,1,0,0,0,0,0,0,0,0,0,0,1,0,0,1,Tiny Rebel Brewing Co.,Beverages,Dry,9,20/09/2017,30/09/2018,375,0,0,-
163,0,0,0,0,0,0,1,0,0,0,0,0,0,0,0,0,0,1,0,0,1,Three Brewing Co.,Beverages,Dry,9,21/09/2017,14/03/2018,174,0,0,-
164,0,0,0,0,0,0,1,0,0,0,0,0,0,0,1,0,0,0,0,0,1,Cloughbane Farm,"Condiments, Dressings, Sauces & Spices",Dry,9,28/09/2017,29/09/2017,1,0,1,UB
165,0,1,0,0,0,0,0,0,0,0,0,0,1,0,0,0,0,1,0,0,1,P&B Foods,Cereal & Bakery Products,Dry,9,29/09/2017,31/01/2018,124,0,0,-
166,0,0,0,0,0,0,1,0,0,0,0,0,0,0,0,0,1,0,0,0,1,Aldi,Ready-to-eat,Chilled,10,05/10/2017,07/10/2017,2,0,1,UB
167,0,0,0,0,0,0,1,0,0,0,0,0,0,0,0,0,0,1,0,0,1,Costcutter,Ready-to-eat,Chilled,10,06/10/2017,02/10/2017,-4,1,1,UB
168,0,1,0,0,0,0,1,0,0,0,0,0,0,0,0,0,0,1,0,0,4,TK Maxx & Homesense,Cereal & Bakery Products,Dry,10,06/10/2017,20/05/2018,226,0,0,-
169,0,1,0,0,0,0,0,0,0,0,0,0,0,0,0,0,0,1,0,0,1,Gourmet Nut,"Nut, Nut Products & Seeds",Dry,10,06/10/2017,,,,,-
170,0,0,0,0,0,0,0,0,1,0,0,0,0,0,0,0,0,1,0,0,1,Shahnaz Food Products Ltd,"Condiments, Dressings, Sauces & Spices",Dry,10,15/10/2017,31/12/2018,442,0,0,-
171,0,0,0,0,0,0,1,0,0,0,0,0,1,0,1,0,0,0,0,0,5,HIGH5,Supplements,Dry,10,16/10/2017,28/02/2018,135,0,0,-
172,0,0,0,0,0,0,0,0,0,0,0,0,1,0,0,0,0,1,0,0,1,Les Brioche,Cereal & Bakery Products,Dry,10,16/10/2017,04/11/2017,19,0,0,-
173,0,0,0,0,0,0,0,0,0,1,0,0,0,0,0,0,0,1,0,0,1,R M Curtis & Co Ltd,"Nut, Nut Products & Seeds",Dry,10,22/10/2017,31/03/2018,160,0,0,-
174,0,0,0,0,0,0,0,0,0,0,0,0,0,1,0,0,0,1,0,0,1,RH Amar,"Condiments, Dressings, Sauces & Spices",Dry,11,02/11/2017,30/09/2018,332,0,0,-
175,0,1,0,0,0,0,1,0,0,1,0,0,1,0,0,0,0,0,0,1,4,Lidl,Beverages,Dry,11,03/11/2017,28/08/2018,298,0,0,-
176,0,1,0,0,0,0,0,0,0,0,0,0,0,0,0,0,0,1,0,0,1,Everest Cash & Carry Ltd,Cereal & Bakery Products,Dry,11,03/11/2017,31/05/2019,574,0,0,-
177,0,0,0,0,0,0,1,0,0,0,0,0,1,0,0,0,0,1,0,0,3,Isolab Distribution Ltd,Supplements,Dry,11,06/11/2017,28/06/2019,599,0,0,-
178,0,0,0,0,0,0,0,0,0,1,0,0,0,0,1,0,0,0,0,0,1,Aldi,"Nut, Nut Products & Seeds",Dry,11,10/11/2017,31/07/2018,263,0,0,-
179,0,0,0,0,0,0,0,0,0,1,0,0,0,0,0,0,0,0,0,1,3,Lidl,"Nut, Nut Products & Seeds",Dry,11,10/11/2017,,,,,-
180,0,0,0,0,0,0,0,0,0,0,0,0,1,0,0,0,0,1,0,0,1,Lidl,Cereal & Bakery Products,Dry,11,16/11/2017,,,,,-
181,0,1,0,1,0,0,1,0,0,1,0,0,0,0,0,0,0,1,0,0,2,Cuisine Solutions Ltd,Cereal & Bakery Products,Dry,11,21/11/2017,30/11/2017,9,0,0,-
182,0,1,0,0,0,0,1,0,0,0,0,0,0,0,0,0,0,1,0,0,1,Dr Oetker,Sugar-based Confectionery,Dry,11,22/11/2017,30/11/2018,373,0,0,-
183,0,1,0,0,0,0,0,0,0,0,0,0,1,0,0,0,0,1,0,0,1,P&B Foods,Cereal & Bakery Products,Dry,11,22/11/2017,31/01/2018,,,,-
184,0,0,0,0,0,0,0,0,1,0,0,0,0,0,0,0,0,0,1,0,1,Birds Eye,Ready-to-cook,Frozen,11,22/11/2017,30/04/2019,524,0,0,-
185,0,0,0,0,0,0,1,0,0,0,0,0,1,0,0,0,0,1,0,0,6,NutriPlan,Supplements,Dry,11,27/11/2017,,,0,0,-
186,0,0,0,0,1,0,0,0,1,0,0,0,0,0,1,0,0,0,0,0,1,Morrisons,Ready-to-cook,Chilled,11,29/11/2017,04/12/2017,5,0,1,UB
187,0,0,1,0,0,0,0,0,0,0,0,0,0,0,0,0,0,0,1,0,1,Sainsbury,Ready-to-cook,Chilled,12,01/12/2017,30/11/2017,-1,1,1,UB
188,0,1,0,0,0,0,1,0,0,0,0,0,0,1,0,0,0,1,0,0,1,Fundamental Supplies Ltd,Ready-to-cook,Dry,12,01/12/2017,01/11/2018,335,0,0,-
189,0,0,0,0,0,0,1,0,1,0,0,0,0,0,0,0,0,1,0,0,3,Kepak Frozen Division,Ready-to-cook,Frozen,12,06/12/2017,31/10/2018,329,0,0,-
190,0,1,0,1,0,0,0,0,0,1,0,0,1,1,0,0,0,1,0,0,18,Alana,Cereal & Bakery Products,Dry,12,08/12/2017,31/07/2017,-130,1,1,BB
191,0,0,0,0,0,0,0,0,0,1,0,0,0,0,0,0,0,0,1,0,1,Dr Oetker,Sugar-based Confectionery,Dry,12,19/12/2017,12/10/2018,297,0,0,-
192,0,1,0,0,0,0,0,0,0,0,0,0,0,0,0,1,0,0,0,0,1,Fabulous Foods,Cereal & Bakery Products,Dry,12,20/12/2017,,-43089,,,-
193,0,0,0,0,0,0,0,0,0,1,0,0,0,0,0,0,0,0,1,0,1,Tesco,Cereal & Bakery Products,Dry,1,09/01/2018,17/01/2018,8,0,0,-
194,0,0,0,0,0,0,0,0,0,0,1,0,0,0,1,0,0,0,0,0,1,New World Imports (UK) Ltd,"Nut, Nut Products & Seeds",Dry,1,17/01/2018,18/03/2018,60,0,0,-
195,0,0,0,1,0,0,0,0,1,0,0,0,0,0,0,0,0,1,0,0,1,Morrisons,"Condiments, Dressings, Sauces & Spices",Dry,1,22/01/2018,30/11/2018,312,0,0,-
196,0,1,0,0,0,0,0,0,0,0,0,0,0,0,0,1,0,0,0,0,1,Marks & Spencer,Ready-to-cook,Chilled,1,24/01/2018,29/01/2018,5,0,1,UB
197,0,0,0,0,0,0,1,0,0,0,0,0,0,0,0,0,0,1,0,0,1,Wikinger UK,Ready-to-eat,Dry,1,25/01/2018,30/10/2019,643,0,0,-
198,0,0,0,0,0,0,1,0,0,0,0,0,0,0,1,0,0,0,0,0,1,Community Foods Ltd,Cereal & Bakery Products,Dry,1,25/01/2018,28/02/2019,399,0,0,-
199,0,0,0,0,0,0,1,0,0,0,0,0,0,0,1,0,0,0,0,0,1,Boots,Ready-to-eat,Chilled,1,26/01/2018,30/01/2018,4,0,1,UB
200,0,0,1,0,1,0,0,1,0,0,0,1,1,0,0,0,0,1,0,0,2,Optima Consumer Healthcare Limited,Supplements,Dry,1,28/01/2018,,,,,-
201,0,1,0,0,0,0,0,0,0,0,0,0,0,0,0,1,0,0,0,0,5,Amaizin,Cereal & Bakery Products,Dry,2,01/02/2018,27/07/2018,176,0,0,-
202,0,0,0,0,0,0,1,0,0,0,0,0,0,0,1,0,0,0,0,0,1,Avondale Foods Ltd,Ready-to-eat,Chilled,2,04/02/2018,15/02/2018,11,0,0,-
203,1,0,0,0,0,0,0,0,0,0,0,0,0,0,0,0,0,1,0,0,1,Morrisons,Ready-to-cook,Chilled,2,14/02/2018,18/02/2018,4,0,1,UB
204,0,0,0,1,0,0,0,0,0,0,0,0,0,0,0,0,0,1,0,0,1,Laila Foods,"Condiments, Dressings, Sauces & Spices",Dry,2,15/02/2018,21/06/2018,126,0,0,-
205,0,0,0,0,0,0,1,0,0,0,0,0,0,0,0,1,0,0,0,0,1,CO YO,Sugar-based Confectionery,Chilled,2,20/02/2018,23/02/2018,3,0,1,UB
206,0,1,0,0,0,0,0,0,0,0,0,0,0,0,0,1,0,0,0,0,2,FZ Organic Food BV,Cereal & Bakery Products,Dry,2,21/02/2018,29/07/2018,158,0,0,-
207,0,1,0,0,0,0,1,0,0,1,1,1,0,0,0,0,0,0,0,1,2,Lidl,Sugar-based Confectionery,Chilled,2,22/02/2018,30/07/2019,523,0,0,-
208,0,0,0,0,0,0,0,0,0,1,0,0,0,0,1,0,0,0,0,0,1,DSAM Consulting S.A,Sugar-based Confectionery,Dry,2,25/02/2018,27/09/2018,214,0,0,-
209,0,1,0,0,0,0,1,0,1,0,0,1,1,0,0,0,0,0,0,1,2,Lidl,Ready-to-cook,Frozen,3,06/03/2018,,,,,-
210,0,0,0,0,0,0,0,0,1,0,0,0,0,0,1,0,0,0,0,0,1,The Spice Tailor,"Condiments, Dressings, Sauces & Spices",Dry,3,08/03/2018,30/09/2019,571,0,0,-
211,0,1,0,1,0,0,1,0,0,1,0,0,1,0,0,0,0,1,0,0,5,Ultralife,Supplements,Dry,3,15/03/2018,,,,,-
212,0,0,0,0,0,0,0,0,0,0,0,0,0,1,0,0,0,1,0,0,2,C&K Meats,Ready-to-cook,Chilled,3,15/03/2018,18/03/2018,3,0,1,UB
213,0,0,0,0,0,0,0,0,0,1,0,0,0,0,1,0,0,0,0,0,1,Confectionery World,Sugar-based Confectionery,Dry,3,20/03/2018,25/10/2019,584,0,0,-
214,0,0,0,0,0,0,0,0,0,0,0,0,1,0,0,0,0,1,0,0,1,Mr Dips,"Condiments, Dressings, Sauces & Spices",Chilled,3,21/03/2018,01/05/2018,41,0,0,-
215,1,0,0,0,0,0,0,0,1,0,0,0,0,0,0,0,0,1,0,0,4,SA Wholesale,"Condiments, Dressings, Sauces & Spices",Dry,3,23/03/2018,,,,,-
216,0,0,0,0,0,0,1,0,1,0,0,0,0,0,0,0,0,0,1,0,1,Co-Op,Ready-to-cook,Chilled,3,26/03/2018,02/04/2018,7,0,1,UB
217,0,0,0,0,0,0,0,0,0,0,0,0,0,1,0,0,0,1,0,0,1,Interlink ,Ready-to-eat,Dry,3,27/03/2018,09/08/2019,500,0,0,-
218,0,1,0,1,1,0,1,0,1,0,0,0,0,0,0,0,0,0,0,1,2,Lidl ,Ready-to-cook,Frozen,3,28/03/2018,25/07/2019,484,0,0,-
219,0,0,0,1,0,0,0,0,0,0,0,0,0,0,0,0,0,0,1,0,1,Aunt Bessie's,Ready-to-cook,Frozen,3,29/03/2018,30/06/2019,458,0,0,-
220,0,0,0,0,0,0,1,0,0,0,0,0,0,0,1,0,0,0,0,0,1,Interlink ,Sugar-based Confectionery,Dry,4,04/04/2018,06/08/2019,489,0,0,-
221,0,0,0,0,0,0,0,0,0,0,0,0,0,1,0,0,0,1,0,0,1,Maxela Ltd,Beverages,Chilled,4,05/04/2018,09/11/2018,218,0,0,-
222,0,0,0,1,0,0,0,0,0,0,0,0,0,0,0,0,0,1,0,0,1,Nevis Bakery,Cereal & Bakery Products,Dry,4,05/04/2018,02/04/2018,-3,1,1,BB
223,0,0,0,0,0,0,0,0,0,0,0,1,0,0,0,0,0,1,0,0,1,Sara International Ltd,"Condiments, Dressings, Sauces & Spices",Dry,4,10/04/2018,05/05/2019,279,0,0,-
224,0,0,0,0,0,0,0,0,0,0,0,0,1,0,0,0,0,1,0,0,2,Halo Top,Sugar-based Confectionery,Frozen,4,11/04/2018,14/01/2019,304,0,0,-
225,0,1,0,1,0,0,0,0,0,0,0,0,0,0,0,0,1,0,0,0,1,Innovative Bites,Cereal & Bakery Products,Dry,4,13/04/2018,09/02/2019,179,0,0,-
226,0,0,0,0,0,0,0,0,0,1,0,0,0,0,0,0,0,0,0,1,1,Rude Health,Cereal & Bakery Products,Dry,4,19/04/2018,09/10/2018,237,0,0,-
227,0,0,0,0,0,0,0,0,0,1,0,0,0,0,1,0,0,0,0,0,1,Unisnacks,Sugar-based Confectionery,Dry,4,24/04/2018,12/12/2018,232,0,0,-
228,0,1,0,0,0,0,0,0,0,0,0,0,0,0,0,0,1,0,0,0,1,Windmill Organics,Cereal & Bakery Products,Dry,4,25/04/2018,12/10/2020,901,0,0,-
229,0,0,0,0,0,0,1,0,0,0,0,0,0,0,1,0,0,0,0,0,2,Tesco,Ready-to-cook,Chilled,4,26/04/2018,24/04/2018,-2,1,1,UB
230,0,0,0,0,0,0,1,0,0,0,0,0,0,0,0,0,0,1,0,0,1,Runwick Roastery Ltd,Beverages,Dry,4,27/04/2018,31/12/2018,248,0,0,-
231,0,1,0,0,0,0,1,0,0,0,0,0,0,0,0,0,1,0,0,0,1,BOL Foods,Ready-to-cook,Chilled,5,01/05/2018,05/05/2018,4,0,1,UB
232,0,0,0,1,0,0,0,0,0,0,0,0,0,0,0,0,0,0,1,0,1,Mary Berry's,"Condiments, Dressings, Sauces & Spices",Dry,5,09/05/2018,30/06/2019,417,0,0,-
233,0,0,0,0,0,0,0,0,0,1,0,0,0,0,0,0,1,0,0,0,1,Remeo Gelato,Sugar-based Confectionery,Frozen,5,09/05/2018,22/10/2019,531,0,0,-
234,0,1,0,0,0,0,0,0,0,0,0,0,1,1,0,0,1,0,0,0,1,Yorkshire Game 17 Ltd,Ready-to-cook,Chilled,5,11/05/2018,13/05/2018,2,0,1,UB
235,0,0,0,0,0,0,1,0,0,0,0,0,0,0,0,0,0,0,0,1,2,Lidl,Ready-to-cook,Frozen,5,16/05/2018,,-43236,,,-
236,0,0,0,0,0,0,0,0,0,0,0,0,0,1,0,0,0,1,0,0,1,Naturya,Supplements,Dry,5,17/05/2018,31/03/2019,318,0,0,-
237,0,0,0,0,0,0,0,0,0,0,0,0,0,1,0,0,0,1,0,0,1,Supernutrients,Supplements,Dry,5,17/05/2018,31/03/2019,318,0,0,-
238,0,1,0,1,0,1,1,0,0,1,1,1,0,0,0,0,0,0,0,1,1,Lidl,Sugar-based Confectionery,Frozen,6,07/06/2018,,-43258,,,-
239,0,0,0,0,0,0,0,0,0,0,0,0,0,1,0,0,1,0,0,0,1,Moon Sweets Couture UK Ltd,Sugar-based Confectionery,Dry,6,14/06/2018,31/01/2019,231,0,0,-
240,1,0,0,0,0,0,0,0,0,0,0,0,0,0,1,0,0,0,0,0,1,Sainsbury,"Nut, Nut Products & Seeds",Dry,6,18/06/2018,30/09/2018,104,0,0,-
241,0,1,0,0,0,0,0,0,0,0,0,0,0,0,1,0,0,0,0,0,1,Mondelez International,Cereal & Bakery Products,Dry,6,18/06/2018,31/12/2018,196,0,0,-
242,0,0,0,0,0,0,1,0,0,0,0,0,0,0,0,0,1,0,0,0,1,Marks & Spencer,Ready-to-cook,Chilled,6,26/06/2018,30/06/2018,4,0,1,UB
243,0,0,0,1,0,0,0,0,0,0,0,0,0,0,0,0,0,1,0,0,3,Mullaghmore Bakery,Cereal & Bakery Products,Dry,6,29/06/2018,04/07/2018,5,0,1,BB
244,0,0,0,0,0,0,1,0,0,0,0,0,0,0,0,0,0,1,0,0,15,Nutrisport Ltd,Supplements,Dry,7,23/07/2018,,-43304,,,-
245,0,1,0,0,0,0,0,0,0,0,0,0,0,0,0,1,0,0,0,0,1,Quorn Foods,Ready-to-cook,Frozen,7,26/07/2018,30/11/2019,492,0,0,-
246,0,0,0,0,0,0,1,0,0,0,0,0,0,0,0,0,1,0,0,0,1,Bradbury and Son,Ready-to-eat,Chilled,7,26/07/2018,19/09/2018,55,,,-
247,0,0,0,0,0,0,0,0,0,0,0,1,0,0,0,0,0,1,0,0,1,Asco Foods Ltd,Cereal & Bakery Products,Dry,7,27/07/2018,30/08/2019,399,0,0,-
248,0,0,0,0,0,0,0,0,0,0,0,1,0,0,1,0,0,0,0,0,2,Sainsbury,Cereal & Bakery Products,Dry,7,27/07/2018,,-43308,,,-
249,0,0,0,0,0,0,1,0,0,0,0,0,0,0,0,0,1,0,0,0,1,Bradbury and Son,Ready-to-eat,Chilled,7,28/07/2018,19/09/2018,53,0,0,-
250,0,0,0,0,0,0,1,0,0,0,0,0,0,0,0,0,0,1,0,0,1,Co-Op,Ready-to-cook,Chilled,7,28/07/2018,31/07/2018,3,0,1,UB
251,0,1,0,0,0,0,0,0,0,1,1,0,0,0,0,0,0,0,0,1,1,Lidl,Cereal & Bakery Products,Dry,7,30/07/2018,12/11/2018,105,0,0,-
252,0,1,0,1,0,0,1,0,0,0,0,0,0,0,0,0,1,0,0,0,1,Star Distribution (UK) Ltd,Cereal & Bakery Products,Dry,8,08/08/2018,31/08/2018,23,0,0,-
253,0,1,0,0,0,0,0,0,0,0,0,0,0,0,0,0,0,1,0,0,3,Booths,Ready-to-eat,Chilled,8,10/08/2018,,-43322,,,-
254,0,1,0,0,0,0,0,0,0,0,0,0,0,0,0,0,0,1,0,0,10,Clayton Park Bakery Ltd,Cereal & Bakery Products,Dry,8,22/08/2018,22/08/2018,0,0,1,BB
255,0,1,0,0,0,0,0,0,0,0,0,0,0,0,0,0,0,1,0,0,2,James Hall & Co,Ready-to-eat,Chilled,8,23/08/2018,22/08/2018,-1,1,1,BB
256,0,1,0,0,0,0,0,0,0,0,0,0,0,0,0,0,0,1,0,0,1,Clayton Park Bakery Ltd,Cereal & Bakery Products,Dry,8,23/08/2018,22/08/2018,-1,1,1,UB
257,0,1,0,1,0,0,0,0,0,0,0,0,0,0,0,0,0,0,0,1,1,Lidl,Ready-to-cook,Frozen,8,31/08/2018,27/03/2020,574,0,0,-
258,0,0,0,0,0,0,1,0,0,0,0,0,0,0,1,0,0,0,0,0,1,Crosse & Blackwell,Soups & Broths,Dry,8,31/08/2018,31/05/2020,639,0,0,-
259,0,0,0,0,0,0,1,0,0,0,0,0,0,1,0,0,0,1,0,0,2,Fazila Foods Limited,Ready-to-cook,Frozen,9,07/09/2018,28/11/2019,447,0,0,-
260,0,0,0,0,0,0,0,0,0,1,0,0,0,0,1,0,0,0,0,0,2,Sainsbury,Cereal & Bakery Products,Dry,9,25/09/2018,26/09/2018,1,0,1,BB
261,0,0,0,0,0,0,0,0,0,1,0,0,0,0,0,0,0,1,0,0,3,Creme d'Or,Sugar-based Confectionery,Dry,9,28/09/2018,17/10/2018,19,0,0,-
262,0,0,0,0,0,0,1,0,0,0,0,0,1,0,0,0,0,1,0,0,1,N J Marketing Ltd,Sugar-based Confectionery,Dry,9,28/09/2018,30/09/2018,2,0,1,BB
263,0,0,0,0,0,0,0,0,0,1,1,0,0,0,0,0,0,1,0,0,2,The National Trust,Cereal & Bakery Products,Dry,10,05/10/2018,,-43378,,,-
264,0,1,0,0,0,0,0,0,0,0,0,0,0,0,0,0,0,0,1,0,1,Farmhouse Biscuits Ltd,Cereal & Bakery Products,Dry,10,09/10/2018,31/05/2019,234,0,0,-
265,1,0,0,0,0,0,0,0,1,0,0,0,0,0,0,0,0,1,0,0,2,Southern Synergy,Ready-to-cook,Frozen,10,09/10/2018,10/10/2018,1,,,-
266,0,0,0,0,0,0,0,0,0,1,0,0,0,0,0,0,0,1,0,0,1,Booths,Ready-to-cook,Chilled,10,09/10/2018,,-43382,,,-
267,0,0,0,0,0,0,1,0,0,0,0,0,0,0,0,0,0,1,0,0,1,Azka Impex Limited,Cereal & Bakery Products,Dry,10,12/10/2018,20/07/2019,281,0,0,-
268,0,0,0,0,0,0,0,0,0,0,0,0,1,0,0,0,0,1,0,0,1,Booths,Cereal & Bakery Products,Dry,10,12/10/2018,,-43385,,,-
269,0,1,0,0,0,1,0,0,0,0,0,1,0,0,0,0,0,1,0,0,1,Booths,Cereal & Bakery Products,Dry,10,13/10/2018,,-43386,,,-
270,0,0,1,0,0,0,0,0,0,0,0,0,0,1,0,0,0,1,0,0,1,Milegate Ltd,Ready-to-cook,Frozen,10,13/10/2018,,-43386,,,-
271,0,0,0,0,0,0,0,0,1,0,0,0,0,0,0,0,0,1,0,0,5,Southern Synergy,Ready-to-cook,Frozen,10,15/10/2018,10/10/2018,-5,1,1,BB
272,0,0,0,0,0,0,0,0,0,0,1,0,0,0,0,0,0,1,0,0,2,John & Pascalis Ltd,"Condiments, Dressings, Sauces & Spices",Dry,10,16/10/2018,31/03/2020,532,0,0,-
273,0,1,0,0,0,0,0,0,0,0,0,0,0,0,0,0,0,0,1,0,1,Asda,Ready-to-cook,Frozen,10,22/10/2018,31/05/2019,221,0,0,-
274,0,0,0,0,0,0,1,0,0,0,0,0,0,0,0,0,0,0,1,0,1,Waitrose,Ready-to-cook,Chilled,10,23/10/2018,29/10/2018,6,0,1,UB
275,0,1,0,0,0,0,1,0,0,0,0,0,1,0,0,0,1,0,0,0,2,Espresso Warehouse,Cereal & Bakery Products,Dry,10,24/10/2018,26/10/2018,2,0,1,BB
276,0,0,0,0,0,0,1,0,0,0,0,0,0,0,0,0,0,1,0,0,1,The Grocer Ltd,Soups & Broths,Chilled,10,25/10/2018,23/10/2018,-2,1,1,UB
277,0,0,0,0,0,0,1,0,0,0,0,0,0,0,0,0,0,1,0,0,1,Greco Brothers Ltd,Sugar-based Confectionery,Dry,10,29/10/2018,31/10/2018,2,0,1,BB
278,0,1,0,0,0,0,0,0,0,0,0,0,1,0,0,0,1,0,0,0,1,Waitrose,Ready-to-cook,Chilled,10,31/10/2018,03/11/2018,3,0,1,UB
279,0,0,0,0,0,0,1,0,0,0,0,0,0,0,1,0,0,0,0,0,2,Tesco,"Condiments, Dressings, Sauces & Spices",Chilled,11,01/11/2018,01/11/2018,0,0,1,UB
280,0,1,0,0,0,0,1,0,0,0,1,0,0,0,0,0,1,0,0,0,4,Spartan Protein ,Supplements,Dry,11,02/11/2018,,,,,-
281,0,1,0,0,0,0,0,0,1,1,0,0,1,0,0,0,0,1,0,0,1,Waitrose,Ready-to-eat,Chilled,11,03/11/2018,03/11/2018,0,0,1,UB
282,0,0,0,0,0,0,1,0,0,0,0,0,0,0,0,0,0,1,0,0,4,Candyco,Sugar-based Confectionery,Frozen,11,03/11/2018,31/03/2019,148,0,0,-
283,0,0,0,0,0,0,0,1,0,0,0,0,0,0,1,0,0,0,0,0,1,Cully & Sully,Soups & Broths,Chilled,11,07/11/2018,23/11/2018,16,0,0,-
284,0,0,0,0,0,0,1,0,0,0,0,0,0,0,0,1,0,0,0,0,1,Slimfast,Supplements,Dry,11,09/11/2018,31/10/2019,356,0,0,-
285,0,0,0,0,0,0,0,0,0,0,0,0,1,0,0,0,1,0,0,0,1,Gardiners of Scotland Ltd,Cereal & Bakery Products,Dry,11,14/11/2018,18/11/2018,4,0,1,BB
286,0,1,0,0,0,0,0,0,0,0,0,0,0,0,0,0,1,0,0,0,2,Walkers,Cereal & Bakery Products,Dry,11,14/11/2018,29/01/2019,76,0,0,-
287,0,0,0,0,0,0,0,0,1,0,0,1,0,0,0,0,0,1,0,0,1,Clives' Pies,Ready-to-cook,Chilled,11,15/11/2018,24/11/2018,9,0,0,-
288,0,0,0,0,0,0,1,0,0,0,0,0,0,0,1,0,0,0,0,0,1,Nisa,Sugar-based Confectionery,Dry,11,16/11/2018,05/12/2019,384,0,0,-
289,0,1,0,1,0,0,1,0,0,0,0,0,1,0,0,0,1,0,0,0,1,Hon Shen Ltd,Ready-to-cook,Dry,11,21/11/2018,28/12/2018,37,0,0,-
290,0,0,0,0,0,0,0,0,0,0,0,0,1,0,0,0,0,0,1,0,1,English Cheesecake Company,Cereal & Bakery Products,Chilled,11,22/11/2018,24/11/2018,2,0,1,UB
291,0,0,0,0,0,0,0,0,0,0,1,0,0,0,1,0,0,0,0,0,1,Centra,Sugar-based Confectionery,Dry,11,23/11/2018,,,,,-
292,0,1,0,1,0,0,1,0,0,1,1,1,1,0,0,0,1,0,0,0,1,Poundstretcher,Sugar-based Confectionery,Dry,11,28/11/2018,,,,,-
293,0,1,0,1,0,0,1,0,0,1,1,1,0,1,0,0,1,0,0,0,1,Poundstretcher,Cereal & Bakery Products,Dry,11,28/11/2018,,,,,-
294,0,1,0,1,0,0,1,0,0,1,0,0,0,0,0,0,0,0,0,1,1,Nestle ,Sugar-based Confectionery,Chilled,11,28/11/2018,03/12/2018,5,0,1,UB
295,0,0,0,0,0,0,0,0,0,0,0,0,0,1,0,0,0,1,0,0,4,English Heritage,Beverages,Dry,11,30/11/2018,,,,,-
296,0,0,0,0,0,0,1,0,0,0,0,0,0,0,0,0,0,1,0,0,1,Sainsbury,Ready-to-cook,Chilled,12,07/12/2018,16/12/2018,9,0,0,-
297,0,0,0,0,0,0,1,0,0,0,1,0,0,0,0,0,0,1,0,0,1,Poundstretcher,Sugar-based Confectionery,Dry,12,13/12/2018,20/09/2019,281,0,0,-
298,0,0,0,0,0,0,0,0,0,0,1,0,0,0,1,0,0,0,0,0,1,P&B Foods,"Condiments, Dressings, Sauces & Spices",Dry,12,13/12/2018,30/04/2020,504,,,-
299,0,1,0,0,0,0,0,0,1,0,0,0,1,0,0,0,0,1,0,0,2,Booths,Ready-to-eat,Chilled,12,13/12/2018,14/12/2018,1,0,1,UB
300,0,0,0,0,0,0,0,0,0,0,1,0,0,0,1,0,0,0,0,0,3,P&B Foods,"Condiments, Dressings, Sauces & Spices",Dry,12,14/12/2018,31/03/2020,473,0,0,-
301,0,0,0,0,0,0,0,0,0,1,0,0,0,0,1,0,0,0,0,0,1,Waitrose,Cereal & Bakery Products,Chilled,12,24/12/2018,27/12/2018,3,0,1,UB
302,0,0,0,0,0,0,0,0,0,0,0,0,0,1,0,0,0,0,1,0,1,Waitrose,Ready-to-cook,Chilled,1,02/01/2019,06/01/2019,4,0,1,UB
303,0,1,0,0,0,0,0,0,0,0,0,0,0,0,0,1,0,0,0,0,3,Sogud Ltd,Cereal & Bakery Products,Dry,1,04/01/2019,03/09/2019,242,0,0,-
304,0,0,0,0,0,0,1,0,0,1,1,1,0,0,0,0,0,0,0,1,2,Lidl,Cereal & Bakery Products,Dry,1,04/01/2019,30/05/2019,146,0,0,-
305,0,0,0,0,0,0,0,0,0,0,1,0,0,0,0,0,0,0,1,0,1,Belfield,Sugar-based Confectionery,Frozen,1,07/01/2019,30/11/2020,693,0,0,-
306,0,1,0,1,0,0,0,0,0,0,0,0,0,0,0,0,0,0,1,0,1,Cook Trading Limited,Ready-to-cook,Frozen,1,15/01/2019,14/09/2019,242,0,0,-
307,0,1,0,0,0,0,0,0,0,0,0,0,0,0,0,0,0,1,0,0,2,Irving Homestyle Bakery,Sugar-based Confectionery,Dry,1,16/01/2019,20/02/2019,35,0,0,-
308,0,0,0,0,0,0,0,0,0,0,0,0,0,1,0,0,0,1,0,0,3,Evolution Foods,"Nut, Nut Products & Seeds",Dry,1,18/01/2019,30/06/2019,163,0,0,-
309,0,0,0,0,0,0,1,0,0,0,0,0,0,0,0,1,0,0,0,0,1,Sainsbury,Ready-to-cook,Chilled,1,18/01/2019,27/01/2019,9,0,0,-
310,0,0,0,0,0,0,0,0,0,0,1,0,0,0,0,0,0,1,0,0,1,Jumbo UK Limited,Cereal & Bakery Products,Dry,1,28/01/2019,,,,,-
311,1,1,0,0,0,0,1,0,0,0,0,1,0,0,0,0,0,1,0,0,34,Village Bakery Markethill,Cereal & Bakery Products,Dry,2,01/02/2019,,,,,-
312,1,1,0,0,0,0,1,0,1,0,0,1,1,0,0,0,0,1,0,0,35,Village Bakery Markethill,Cereal & Bakery Products,Dry,2,06/02/2019,,,,,-
313,0,1,0,0,0,0,1,0,0,0,0,0,0,0,0,0,0,1,0,0,2,Rayan Patisserie ,Sugar-based Confectionery,Dry,2,08/02/2019,07/05/2019,88,0,0,-
314,0,0,0,0,0,0,0,0,0,0,0,1,0,0,0,0,0,1,0,0,1,Real Handful,Cereal & Bakery Products,Dry,2,12/02/2019,28/07/2019,166,0,0,-
315,0,0,0,0,0,0,1,0,0,0,0,0,0,0,0,1,0,0,0,0,1,Bean & Pod Ltd,Sugar-based Confectionery,Dry,2,14/02/2019,28/06/2019,134,0,0,-
316,0,1,0,0,0,0,1,0,0,0,0,0,1,0,0,0,0,1,0,0,2,Mr Dips,"Condiments, Dressings, Sauces & Spices",Chilled,2,15/02/2019,,,,,-
317,0,0,0,0,0,0,0,0,0,0,1,0,0,0,0,0,0,0,1,0,1,Lidl,"Condiments, Dressings, Sauces & Spices",Dry,2,16/02/2019,31/01/2020,349,0,0,-
318,0,0,0,0,0,0,1,0,0,0,0,0,0,0,0,0,0,1,0,0,1,Speedibake,Ready-to-cook,Frozen,2,16/02/2019,08/02/2020,357,0,0,-
319,0,0,0,0,0,0,1,0,0,0,0,0,0,0,1,0,0,0,0,0,1,Sainsbury,"Condiments, Dressings, Sauces & Spices",Frozen,2,19/02/2019,30/11/2019,284,0,0,-
320,0,0,0,0,0,0,1,0,0,0,0,0,0,0,0,0,0,1,0,0,2,Lidl,Cereal & Bakery Products,Dry,2,20/02/2019,01/01/2019,-50,1,1,BB
321,0,0,0,0,0,0,0,0,0,1,0,0,0,0,0,0,0,1,0,0,4,Everest Ices,Sugar-based Confectionery,Frozen,2,21/02/2019,28/02/2019,7,0,1,BB
322,1,0,0,0,0,0,0,0,0,0,0,0,0,0,1,0,0,0,0,0,2,Sounas,Cereal & Bakery Products,Dry,2,21/02/2019,14/02/2019,-7,1,1,BB
323,0,0,0,0,0,0,1,0,0,0,0,0,0,0,1,0,0,0,0,0,2,Waitrose,Sugar-based Confectionery,Dry,2,26/02/2019,,,,,-
324,0,0,0,0,0,0,0,0,1,0,0,0,0,0,1,0,0,0,0,0,1,Asda,Soups & Broths,Chilled,2,26/02/2019,02/03/2019,4,0,1,UB
325,0,0,0,0,0,0,0,0,1,0,0,0,0,0,1,0,0,0,0,0,5,Co-Op,Soups & Broths,Chilled,2,26/02/2019,02/03/2019,4,0,1,UB
326,0,0,0,0,0,0,1,0,0,0,0,0,0,0,1,0,0,0,0,0,1,Food Innovations UK,Sugar-based Confectionery,Dry,2,27/02/2019,,,,,-
327,0,0,0,0,0,0,0,0,1,0,0,0,0,0,1,0,0,0,0,0,1,Boots,Cereal & Bakery Products,Dry,2,27/02/2019,08/06/2019,101,0,0,-
328,0,0,0,0,0,0,1,0,0,0,0,0,0,0,1,0,0,0,0,0,2,Morrisons,Ready-to-cook,Chilled,3,01/03/2019,04/03/2019,3,0,1,UB
329,0,0,0,0,0,0,1,0,0,0,0,0,0,0,0,1,0,0,0,0,1,Graze,Cereal & Bakery Products,Dry,3,06/03/2019,20/06/2019,106,0,0,-
330,0,1,0,0,0,0,1,0,0,1,0,0,1,0,0,0,0,0,0,1,1,Lidl,Sugar-based Confectionery,Dry,3,12/03/2019,13/08/2019,154,0,0,-
331,0,1,0,0,0,0,0,0,0,0,0,0,0,0,0,0,0,1,0,0,1,Premier Foods,Cereal & Bakery Products,Dry,3,13/03/2019,,,,,-
332,0,0,0,0,0,0,0,0,0,0,1,0,0,0,0,0,0,1,0,0,1,Asda,"Condiments, Dressings, Sauces & Spices",Chilled,3,15/03/2019,,,,,-
333,0,0,0,0,0,0,1,0,0,0,0,0,0,0,0,0,0,1,0,0,1,Lewis Pies Ltd,Cereal & Bakery Products,Chilled,3,16/03/2019,09/03/2019,-7,1,1,UB
334,0,0,0,0,0,0,1,0,0,0,0,0,0,0,0,0,0,1,0,0,1,Clives' Pies,Cereal & Bakery Products,Dry,3,21/03/2019,,,,,-
335,0,0,0,1,0,0,1,0,1,0,0,1,0,0,0,0,0,1,0,0,10,Café Class,Cereal & Bakery Products,Dry,3,21/03/2019,23/03/2019,2,0,1,UB
336,0,1,0,0,0,0,0,0,0,0,0,0,0,0,0,0,0,1,0,0,2,London Fields Brewery,Beverages,Dry,3,22/03/2019,04/12/2019,257,0,0,-
337,0,1,0,0,0,0,1,0,0,0,0,0,1,0,0,0,0,1,0,0,10,Macadam Bakery,Cereal & Bakery Products,Dry,3,28/03/2019,04/04/2019,7,0,1,BB
338,0,0,0,1,0,0,0,0,0,0,0,0,0,0,1,0,0,0,0,0,1,Genius ,Cereal & Bakery Products,Dry,3,30/03/2019,08/04/2019,9,0,0,-
339,0,0,0,0,0,0,0,0,1,0,0,0,1,0,0,0,1,0,0,0,1,Genesis Crafty,Cereal & Bakery Products,Dry,3,31/03/2019,02/04/2019,,,,-
340,0,0,0,0,0,0,0,0,1,0,0,0,1,0,0,0,1,0,0,0,1,Genesis Crafty,Cereal & Bakery Products,Dry,4,01/04/2019,02/04/2019,1,0,1,BB
341,0,0,0,0,0,0,0,0,0,1,0,0,1,0,0,0,0,1,0,0,1,Unilever,Sugar-based Confectionery,Frozen,4,03/04/2019,30/06/2020,454,0,0,-
342,0,0,0,0,0,0,0,0,0,1,1,0,0,0,0,0,0,0,0,1,1,Kallo Foods Ltd,"Condiments, Dressings, Sauces & Spices",Dry,4,04/04/2019,29/02/2020,331,0,0,-
343,0,1,0,0,0,0,0,0,0,0,0,0,0,0,0,0,0,1,0,0,1,USN,Supplements,Dry,4,05/04/2019,01/11/2021,941,0,0,-
344,0,0,0,0,0,0,0,0,1,0,0,0,0,0,0,0,0,1,0,0,1,Alamgeer Foods Ltd,"Condiments, Dressings, Sauces & Spices",Dry,4,09/04/2019,12/11/2020,583,0,0,-
345,0,0,0,0,0,0,1,0,0,0,0,0,0,0,0,0,0,1,0,0,1,Morrisons,Cereal & Bakery Products,Dry,4,09/04/2019,,,,,-
346,0,0,0,0,0,0,1,0,0,0,0,0,0,0,0,0,0,0,1,0,1,Sidoli,Cereal & Bakery Products,Dry,4,11/04/2019,31/01/2021,661,0,0,-
347,0,0,0,0,0,0,1,0,0,1,0,0,0,0,0,0,0,0,0,1,1,Lidl,"Condiments, Dressings, Sauces & Spices",Dry,4,12/04/2019,03/04/2020,357,0,0,-
348,0,0,0,0,0,0,0,0,1,0,0,0,0,0,0,0,0,1,0,0,1,Essential Trading,"Condiments, Dressings, Sauces & Spices",Dry,4,12/04/2019,04/01/2020,267,0,0,-
349,0,1,0,0,0,0,0,0,0,0,0,0,0,0,0,0,0,0,1,0,1,Asda,Ready-to-cook,Frozen,4,18/04/2019,28/03/2020,345,0,0,-
350,0,0,0,0,0,0,0,0,0,0,1,0,0,0,1,0,0,0,0,0,1,United Biscuits,Cereal & Bakery Products,Dry,4,19/04/2019,01/10/2019,165,0,0,-
351,0,0,0,0,0,0,0,0,0,1,0,0,0,0,1,0,0,0,0,0,1,The Jordans & Ryvita Company,Cereal & Bakery Products,Dry,5,15/05/2019,24/02/2020,285,0,0,-
352,1,1,1,1,1,0,1,1,1,1,1,1,1,1,0,0,0,1,0,0,8,Tony's Kitchen,"Condiments, Dressings, Sauces & Spices",Dry,5,16/05/2019,30/09/2019,137,0,0,-
353,0,0,0,0,1,0,1,0,1,0,0,0,0,0,0,0,0,1,0,0,1,Costa Coffee,Ready-to-eat,Chilled,5,21/05/2019,22/05/2019,1,0,1,UB
354,0,0,1,0,0,0,0,0,0,0,0,0,0,0,1,0,0,0,0,0,1,Freshasia Foods,Ready-to-cook,Frozen,5,22/05/2019,16/09/2020,483,0,0,-
355,0,0,0,0,0,0,1,0,0,0,0,0,0,0,0,0,0,1,0,0,1,Lidl,"Nut, Nut Products & Seeds",Dry,5,24/05/2019,,,,,-
356,0,0,0,0,0,0,1,0,0,1,0,0,0,0,0,0,0,0,0,1,2,Poundstretcher,Sugar-based Confectionery,Dry,5,24/05/2019,31/12/2019,221,0,0,-
357,0,0,0,0,0,0,1,0,0,0,0,0,0,0,0,0,0,1,0,0,1,Gnaw Chocolate,Sugar-based Confectionery,Dry,5,24/05/2019,31/12/2019,221,0,0,-
358,0,1,0,1,0,0,1,0,0,0,0,0,1,0,0,0,1,0,0,0,1,British & Continental Food Brokers,Cereal & Bakery Products,Dry,5,31/05/2019,26/07/2019,56,0,0,-
359,0,0,0,0,0,0,1,0,0,0,0,0,0,0,0,0,0,0,1,0,1,Tesco,"Condiments, Dressings, Sauces & Spices",Dry,6,08/06/2019,31/12/2019,206,0,0,-
360,0,1,0,0,0,0,0,0,0,0,0,0,0,0,1,0,0,0,0,0,1,Asda,Ready-to-cook,Chilled,6,13/06/2019,16/06/2019,3,0,1,UB
361,0,0,0,0,1,0,0,0,0,0,0,0,0,0,0,0,1,0,0,0,1,SPAR,Ready-to-eat,Chilled,6,18/06/2019,20/06/2019,2,0,1,UB
362,0,0,0,0,0,0,1,0,0,0,0,0,0,0,0,0,0,0,1,0,1,Yorkshire Provender,Soups & Broths,Chilled,6,21/06/2019,08/07/2019,17,0,0,-
363,0,0,0,0,0,0,1,0,0,0,0,0,0,0,0,0,0,0,1,0,1,Shazans Foods,Ready-to-cook,Frozen,6,22/06/2019,30/04/2021,678,0,0,-
364,0,0,0,0,0,0,0,0,0,0,0,1,0,0,1,0,0,0,0,0,1,Tesco,Ready-to-cook,Chilled,6,28/06/2019,28/06/2019,0,1,1,UB
365,0,0,0,0,0,0,0,0,0,0,0,0,0,1,0,0,0,1,0,0,1,P&B Foods,"Condiments, Dressings, Sauces & Spices",Dry,7,05/07/2019,30/04/2020,300,0,0,-
366,0,0,0,0,1,0,0,0,0,0,0,0,0,0,1,0,0,0,0,0,1,Co-Op,Ready-to-eat,Chilled,7,05/07/2019,07/07/2019,2,0,1,UB
367,0,0,0,0,0,0,1,0,0,0,0,0,0,0,0,1,0,0,0,0,1,Windmill Organics,Cereal & Bakery Products,Dry,7,12/07/2019,15/11/2019,126,0,0,-
368,0,0,0,0,0,0,0,0,1,0,1,0,0,0,0,0,1,0,0,0,1,Leonidas,Sugar-based Confectionery,Dry,7,12/07/2019,,,,,-
369,0,0,0,0,0,0,1,0,0,0,0,0,0,0,1,0,0,0,0,0,1,Tan Y Castell,Cereal & Bakery Products,Dry,7,15/07/2019,07/07/2019,-8,1,1,BB
370,0,1,0,1,0,0,1,0,1,1,0,1,1,1,0,0,0,1,0,0,5,Flames Food,Ready-to-cook,Frozen,7,25/07/2019,16/07/2020,357,0,0,-
371,0,0,0,0,0,0,1,0,0,0,0,0,0,0,1,0,0,0,0,0,1,Tan Y Castell,Cereal & Bakery Products,Dry,7,25/07/2019,07/07/2019,,,,-
372,0,0,0,0,0,0,0,0,1,0,0,0,0,0,0,0,0,1,0,0,1,AB World Foods,"Condiments, Dressings, Sauces & Spices",Dry,7,02/08/2019,31/08/2020,395,0,0,-
373,0,0,1,0,0,0,0,0,0,0,0,0,0,0,1,0,0,0,0,0,1,Itsu,Ready-to-cook,Frozen,8,03/08/2019,11/12/2019,130,0,0,-
374,0,0,0,0,0,0,1,0,0,0,0,0,0,0,1,0,0,0,0,0,1,Cook Trading Limited,Ready-to-cook,Frozen,8,07/08/2019,22/03/2020,228,0,0,-
375,0,0,0,0,0,0,1,0,0,0,0,0,0,0,1,0,0,0,0,0,1,Lidl,Ready-to-cook,Chilled,8,08/08/2019,23/08/2019,15,0,0,-
376,0,0,0,1,0,0,1,0,0,0,0,1,0,0,0,0,1,0,0,0,1,Sainsbury,Cereal & Bakery Products,Dry,8,09/08/2019,16/08/2019,7,0,1,BB
377,0,0,0,0,0,0,0,0,0,0,0,0,1,0,0,0,0,1,0,0,1,Cook Trading Limited,Ready-to-cook,Frozen,8,13/08/2019,17/03/2020,217,0,0,-
378,0,0,0,0,0,0,0,0,0,0,0,0,1,0,0,0,0,0,1,0,2,Waitrose,Soups & Broths,Chilled,8,14/08/2019,25/08/2019,11,0,0,-
379,0,0,0,0,0,0,1,0,0,0,0,0,0,0,0,0,0,1,0,0,7,Thomas Tucker Ltd,Cereal & Bakery Products,Dry,8,23/08/2019,23/08/2019,0,0,1,BB
380,0,0,0,0,0,0,1,0,0,0,0,0,0,0,0,0,0,1,0,0,57,Thomas Tucker Ltd,Cereal & Bakery Products,Dry,8,25/08/2019,23/08/2019,,,,-
381,0,0,0,0,0,0,1,0,0,0,0,0,0,0,1,0,0,0,0,0,1,Naturli' Foods,"Condiments, Dressings, Sauces & Spices",Chilled,8,28/08/2019,30/08/2019,2,0,1,UB
382,0,0,0,0,0,0,1,0,0,0,0,0,0,0,0,0,0,1,0,0,61,Thomas Tucker Ltd,Cereal & Bakery Products,Dry,8,30/08/2019,23/08/2019,,,,-
383,1,0,0,0,0,0,0,0,1,0,0,0,0,0,0,0,0,1,0,0,1,Sunburst Snacks Ltd,"Nut, Nut Products & Seeds",Dry,8,30/08/2019,31/01/2020,154,0,0,-
384,0,0,0,0,0,0,0,0,0,1,0,0,0,0,0,0,0,1,0,0,14,Flames Food,Ready-to-cook,Frozen,8,30/08/2019,16/07/2020,321,0,0,-
385,0,1,0,0,0,0,0,0,0,0,0,0,0,0,0,0,0,0,1,0,1,Waitrose,Cereal & Bakery Products,Dry,8,10/09/2019,21/12/2019,102,0,0,-
386,0,0,0,0,0,0,1,0,0,0,0,0,0,0,0,0,0,0,1,0,1,Mondelez UK,Cereal & Bakery Products,Dry,8,13/09/2019,23/12/2019,101,0,0,-
387,0,1,0,1,0,0,1,0,0,0,0,0,0,0,0,0,0,0,0,1,3,Lidl,Ready-to-cook,Frozen,8,23/09/2019,29/09/2019,6,0,1,UB
388,0,1,0,0,0,0,1,0,0,1,1,0,1,1,0,0,0,1,0,0,1,Focused Nutrition,Cereal & Bakery Products,Dry,8,05/10/2019,31/03/2020,178,0,0,-
389,0,0,0,0,0,0,1,0,0,0,0,0,0,0,0,0,0,1,0,0,2,Cesare Fiorucci SpA,Ready-to-eat,Chilled,9,11/10/2019,13/10/2019,2,0,1,BB
390,0,1,0,1,0,0,1,0,0,1,1,1,1,0,0,0,0,0,0,1,1,Lidl,Sugar-based Confectionery,Frozen,9,11/10/2019,28/02/2021,506,0,0,-
391,0,1,0,1,0,0,1,0,0,1,1,1,1,0,0,0,0,1,0,0,3,Lidl,Sugar-based Confectionery,Dry,9,15/10/2019,28/03/2020,165,0,0,-
392,0,0,0,0,0,0,0,0,0,1,0,0,0,0,0,0,0,0,1,0,1,Tesco,Ready-to-cook,Chilled,10,18/10/2019,19/10/2019,1,0,1,UB
393,0,1,0,1,0,0,1,0,0,1,1,0,1,0,0,0,0,0,0,1,1,Lidl,Sugar-based Confectionery,Dry,10,23/10/2019,,,,,-
394,0,1,0,0,0,0,0,0,0,0,0,0,0,0,0,0,0,1,0,0,1,Co-Op,Cereal & Bakery Products,Dry,10,24/10/2019,06/11/2019,13,0,0,-
395,0,0,0,1,0,0,0,0,0,0,0,0,0,0,0,0,0,1,0,0,3,TK Maxx & Homesense,Sugar-based Confectionery,Dry,10,25/10/2019,,,,,-
396,0,0,0,0,0,0,0,0,1,0,0,0,0,0,0,0,0,1,0,0,3,McCormick France,"Condiments, Dressings, Sauces & Spices",Dry,10,25/10/2019,05/12/2019,41,0,0,-
397,0,0,0,0,0,0,0,0,0,0,1,0,0,0,1,0,0,0,0,0,1,Lidl,"Condiments, Dressings, Sauces & Spices",Dry,10,25/10/2019,30/06/2022,979,0,0,-
398,0,1,0,0,0,0,1,0,0,0,1,0,1,0,0,0,1,0,0,0,3,Spartan Protein ,Cereal & Bakery Products,Dry,10,25/10/2019,,,,,-
399,0,1,0,1,0,0,0,0,0,0,0,0,0,0,0,0,1,0,0,0,1,Costa Coffee,Sugar-based Confectionery,Dry,10,29/10/2019,07/01/2020,70,0,0,-
400,0,0,0,0,0,0,0,0,0,1,0,0,0,0,0,0,0,0,1,0,1,Harvey Nichols,Sugar-based Confectionery,Dry,10,06/11/2019,30/08/2020,298,0,0,-
401,0,1,0,0,0,0,1,0,0,0,0,0,0,0,0,0,0,0,0,1,1,La Boulangere,Cereal & Bakery Products,Dry,10,08/11/2019,09/11/2019,1,0,1,BB
402,0,0,0,0,0,0,0,0,0,1,0,0,0,0,0,0,0,0,1,0,1,Mondelez UK,Sugar-based Confectionery,Dry,10,12/11/2019,31/03/2020,140,0,0,-
403,0,1,0,0,0,0,0,0,0,0,0,0,0,0,0,0,1,0,0,0,1,Welsh Cottage Cakes,Cereal & Bakery Products,Dry,10,15/11/2019,23/11/2019,8,0,0,-
404,1,1,0,0,0,0,0,0,0,0,0,0,0,0,0,0,0,0,1,0,1,Waitrose,Soups & Broths,Chilled,11,20/11/2019,27/11/2019,7,0,1,UB
405,0,1,0,0,0,0,0,0,0,0,0,0,0,0,1,0,0,0,0,0,1,Sainsbury,Soups & Broths,Chilled,11,23/11/2019,08/12/2019,15,0,0,-
406,0,0,0,0,0,0,1,0,0,0,0,0,0,0,0,0,0,0,1,0,1,Aldi,Ready-to-cook,Chilled,11,23/11/2019,29/11/2019,6,0,1,UB
407,0,0,0,1,0,0,0,0,0,0,0,0,0,0,1,0,0,0,0,0,1,Sainsbury,"Condiments, Dressings, Sauces & Spices",Chilled,11,25/11/2019,06/12/2019,11,0,0,-
408,0,1,0,0,0,0,0,0,0,0,0,0,0,0,0,1,0,0,0,0,1,TJ Morris,Cereal & Bakery Products,Dry,11,27/11/2019,,,,,-
409,0,0,0,0,0,0,1,0,0,0,0,0,0,0,0,0,0,0,1,0,1,Asda,Ready-to-cook,Chilled,11,03/12/2019,08/12/2019,5,0,1,UB
410,1,0,0,0,0,0,0,0,1,0,0,0,0,0,0,0,0,1,0,0,1,Unilever,Ready-to-cook,Dry,11,06/12/2019,31/07/2020,238,0,0,-
411,0,0,0,0,0,0,0,0,1,0,0,0,0,0,0,0,0,0,1,0,1,Oumph!,Ready-to-cook,Frozen,11,06/12/2019,18/03/2021,468,0,0,-
412,0,0,0,0,1,0,0,0,0,0,0,0,0,0,0,0,0,0,1,0,1,Hipp UK,Supplements,Dry,11,11/12/2019,09/01/2020,29,0,0,-
413,0,0,0,1,0,0,0,0,1,0,0,0,0,0,0,0,0,1,0,0,1,Sainsbury,Ready-to-cook,Chilled,12,12/12/2019,17/12/2019,5,0,1,UB
414,0,1,0,1,0,0,1,0,0,1,0,0,1,0,0,0,0,1,0,0,1,John Lewis,Cereal & Bakery Products,Dry,12,13/12/2019,,,,,-
415,0,0,0,1,0,0,0,0,0,0,0,0,0,0,1,0,0,0,0,0,2,Sainsbury,Ready-to-eat,Chilled,12,13/12/2019,23/12/2019,10,0,0,-
416,0,0,0,0,0,0,0,0,0,0,1,0,0,0,0,0,0,1,0,0,10,Sacla',"Condiments, Dressings, Sauces & Spices",Dry,12,20/12/2019,,,,,-
417,0,1,0,0,0,0,1,0,0,1,1,0,1,0,0,0,0,0,1,0,13,Castle Confectionery & Scottish Larder,Sugar-based Confectionery,Dry,1,19/01/2016,28/03/2016,72,0,0,-
418,1,1,0,0,1,0,1,1,0,0,0,0,1,0,0,0,0,0,1,0,11,See Woo,Ready-to-cook,Frozen,1,25/01/2016,23/01/2016,-2,1,1,UB
419,0,0,0,0,0,0,0,0,0,0,0,0,0,1,0,0,0,1,0,0,4,Bramik Foods Ltd,Ready-to-eat,Dry,2,16/02/2016,08/12/2016,296,0,0,-
421,0,0,0,1,0,0,0,0,0,0,0,0,0,0,0,0,1,0,0,0,1,Mackie's of Scotland,Sugar-based Confectionery,Frozen,9,13/09/2016,28/02/2017,168,0,0,-
422,0,1,0,0,0,0,0,0,0,0,0,0,0,0,0,0,0,1,0,0,10,China Court Bakery Ltd,Cereal & Bakery Products,Dry,9,14/09/2016,,,,,-
423,0,0,0,0,0,0,0,0,0,0,0,0,1,0,0,0,0,1,0,0,23,Jordan Valley Whole Foods,Ready-to-eat,Chilled,2,10/02/2017,18/02/2017,8,0,0,-
425,0,1,0,0,0,0,0,0,0,0,0,0,0,0,0,0,0,1,0,0,1,Co-Op,Ready-to-eat,Chilled,3,31/03/2017,13/04/2017,13,0,0,-
426,1,0,0,0,0,0,0,0,0,0,0,0,0,0,0,0,0,1,0,0,3,Loch Arthur Creamery,Ready-to-eat,Chilled,9,28/09/2017,15/11/2017,48,0,0,-
428,0,0,0,0,0,0,0,0,0,0,0,0,1,0,0,0,0,1,0,0,16,Alice Cairns Butchers Limited,Ready-to-cook,Chilled,7,12/07/2018,20/07/2018,8,0,0,-
430,0,0,0,0,0,0,0,0,0,0,0,0,0,1,0,0,0,1,0,0,7,Mrs Unis Spicy Foods Ltd,Ready-to-cook,Chilled,10,30/10/2018,04/11/2018,5,0,1,UB
432,0,0,0,0,0,0,1,0,0,0,0,0,0,0,0,0,0,1,0,0,1,Wee Troon Candy,Cereal & Bakery Products,Dry,11,13/11/2018,12/05/2018,-185,1,1,BB
433,0,1,0,1,0,0,1,0,0,1,0,0,0,0,0,0,1,0,0,0,8,Zaiqa Sweets Glasgow Ltd,Sugar-based Confectionery,Dry,12,19/12/2018,19/01/2019,31,0,0,-
441,0,0,0,0,0,0,1,0,0,0,0,0,0,0,0,0,0,1,0,0,1,Gardiners of Scotland Ltd,Cereal & Bakery Products,Dry,4,25/04/2019,16/05/2019,21,0,0,-
443,0,0,0,0,0,0,0,0,0,0,0,0,1,1,0,0,0,1,0,0,2,Mabbo Ltd,Ready-to-cook,Chilled,6,11/06/2019,,,,,-
530,0,0,0,0,0,0,1,0,0,0,0,0,0,0,0,0,0,0,1,0,1,Tesco,"Condiments, Dressings, Sauces & Spices",Dry,6,06/06/2019,,,,,-
446,0,0,0,0,0,0,0,0,0,0,1,0,0,0,1,0,0,0,0,0,5,Sainsbury,"Condiments, Dressings, Sauces & Spices",Dry,1,08/01/2020,,,0,0,-
447,0,0,1,0,0,0,0,0,0,0,0,0,0,0,1,0,0,0,0,0,1,Sainsbury,Ready-to-cook,Frozen,1,08/01/2020,30/06/2021,539,0,0,-
448,0,0,0,0,0,0,0,0,0,0,0,0,1,0,0,0,1,0,0,0,1,Walkers,Cereal & Bakery Products,Dry,1,10/01/2020,06/06/2020,148,0,0,-
449,0,0,0,0,0,0,0,0,0,0,1,0,0,0,1,0,0,0,0,0,5,Tesco,"Condiments, Dressings, Sauces & Spices",Dry,1,10/01/2020,01/11/2022,1026,0,0,-
450,0,1,0,0,0,0,0,0,0,0,0,0,0,0,0,0,0,1,0,0,1,Waitrose,Ready-to-cook,Chilled,1,15/01/2020,15/12/2019,-31,1,1,UB
451,0,0,0,0,0,0,0,0,0,0,1,0,0,0,0,0,0,1,0,0,1,Polish Specialities Ltd,Cereal & Bakery Products,Dry,1,21/01/2020,20/04/2020,90,0,0,-
452,0,0,0,0,0,0,0,0,0,1,0,0,0,0,0,0,0,0,1,0,1,Booths,Cereal & Bakery Products,Dry,1,22/01/2020,03/02/2020,12,0,0,-
453,0,0,0,0,0,0,1,0,0,0,0,0,0,0,0,1,0,0,0,0,1,Iceland,Sugar-based Confectionery,Frozen,1,24/01/2020,13/07/2021,536,0,0,-
454,0,0,0,0,0,0,1,0,0,0,0,0,0,0,0,1,0,0,0,0,6,Iceland,Ready-to-cook,,1,31/01/2020,,,,,-
455,0,0,0,0,0,0,0,0,1,0,0,0,0,0,0,0,0,0,1,0,1,Waitrose,"Condiments, Dressings, Sauces & Spices",Chilled,1,31/01/2020,14/02/2020,14,0,0,-
456,0,0,0,0,0,0,1,0,0,0,0,0,0,0,0,0,1,0,0,0,1,Kuhne,"Condiments, Dressings, Sauces & Spices",Dry,2,05/02/2020,,,,,-
457,0,0,0,0,0,0,1,0,0,0,0,0,0,0,0,0,0,1,0,0,1,Iceland,Ready-to-eat,Chilled,2,11/02/2020,,,,,-
458,0,1,0,0,0,0,0,0,0,0,0,0,0,0,0,0,0,1,0,0,1,Han Dian UK Ltd,Ready-to-cook,Frozen,2,11/02/2020,04/05/2021,448,0,0,-
459,0,0,0,0,0,0,1,0,0,0,0,0,0,0,0,0,0,1,0,0,6,Tee Yih Jia Food Manufacturing Pte Ltd,Cereal & Bakery Products,Frozen,2,12/02/2020,08/02/2023,1092,,,-
460,0,0,0,0,0,0,1,0,0,0,0,0,0,0,0,1,0,0,0,0,3,Iceland,Ready-to-cook,Frozen,2,14/02/2020,,,,,-
461,0,0,0,0,0,0,1,0,0,0,0,0,0,0,0,0,0,1,0,0,10,Tee Yih Jia Food Manufacturing Pte Ltd,Cereal & Bakery Products,Frozen,2,14/02/2020,13/02/2020,-1,1,1,BB
462,0,1,0,1,0,0,1,0,0,1,1,0,1,1,0,0,0,1,0,0,9,Cakes by Rebecca Limited,Cereal & Bakery Products,Dry,2,15/02/2020,26/02/2020,11,0,0,-
463,0,0,0,0,0,0,1,0,0,0,0,0,0,0,1,0,0,0,0,0,1,No Meat Limited,Ready-to-cook,Frozen,2,15/02/2020,,,,,-
464,0,0,0,0,0,0,0,0,0,1,0,0,0,0,0,0,0,0,1,0,1,Arthouse Unlimited,Sugar-based Confectionery,Dry,2,20/02/2020,30/12/2020,314,0,0,-
465,0,0,0,0,0,0,1,0,0,0,0,0,0,0,0,0,0,0,1,0,1,Nissin Foods GmbH,Ready-to-cook,Dry,2,25/02/2020,31/01/2021,341,0,0,-
466,0,0,0,1,0,0,0,0,0,1,0,0,0,0,0,0,0,1,0,0,2,Biscottilicious Ltd,Cereal & Bakery Products,Dry,2,25/02/2020,31/05/2020,96,0,0,-
467,1,0,0,0,0,0,0,0,0,0,0,0,0,0,1,0,0,0,0,0,1,Coca-Cola European Partners,Beverages,Dry,2,27/02/2020,,,,,-
468,0,0,0,1,0,0,0,0,0,0,0,0,0,0,0,0,1,0,0,0,1,Marks & Spencer,Ready-to-cook,Chilled,3,01/03/2020,05/03/2020,4,0,1,UB
469,0,0,0,0,0,0,1,0,0,0,0,0,0,0,1,0,0,0,0,0,1,Food For Progress,Ready-to-cook,Frozen,3,07/03/2020,22/07/2021,502,0,0,-
470,0,0,0,0,0,0,1,0,0,0,0,0,0,0,0,1,0,0,0,0,1,Miami Burger,Ready-to-cook,Frozen,3,12/03/2020,12/01/2021,306,0,0,-
471,0,0,0,0,0,0,0,0,0,0,0,0,0,1,0,0,0,1,0,0,1,Lidl ,Beverages,Chilled,3,30/03/2020,12/07/2020,104,0,0,-
472,0,0,0,0,0,0,0,0,0,0,0,0,1,0,0,0,0,0,1,0,1,Waitrose,Cereal & Bakery Products,Dry,3,30/03/2020,01/04/2020,2,0,1,BB
473,0,0,0,0,0,0,0,0,0,0,0,0,0,1,0,0,0,1,0,0,1,Lidl ,Cereal & Bakery Products,Dry,4,03/04/2020,31/10/2020,211,0,0,-
474,0,0,0,1,0,0,0,0,0,0,0,0,0,0,0,0,0,0,1,0,1,Waitrose,Cereal & Bakery Products,Dry,4,03/04/2020,07/04/2020,4,0,1,BB
475,0,0,0,0,0,0,1,0,0,0,0,0,0,0,1,0,0,0,0,0,1,Shana,Ready-to-cook,Frozen,4,14/04/2020,28/01/2022,654,0,0,-
476,0,1,0,0,0,0,0,0,0,0,0,0,0,0,0,0,0,1,0,0,1,Top Star Marketing UK Ltd.,"Condiments, Dressings, Sauces & Spices",Dry,5,05/05/2020,,,,,-
477,0,0,0,0,0,0,1,0,0,0,0,0,1,0,0,0,0,1,0,0,1,Co-Op,Cereal & Bakery Products,Dry,5,12/05/2020,13/05/2020,1,0,1,BB
478,0,0,0,0,0,0,0,0,0,0,1,0,0,0,1,0,0,0,0,0,2,Lidl ,"Condiments, Dressings, Sauces & Spices",Dry,5,14/05/2020,31/10/2022,900,0,0,-
479,0,0,0,0,0,0,1,0,0,0,0,0,0,0,0,0,0,1,0,0,1,Young's Seafood,Ready-to-eat,Frozen,5,18/05/2020,31/10/2021,531,0,0,-
480,0,0,0,0,0,0,1,0,0,0,0,0,0,0,0,0,0,0,0,1,1,Unilever,Sugar-based Confectionery,Frozen,5,20/05/2020,30/09/2021,498,0,0,-
481,0,1,0,0,0,0,0,0,0,0,0,0,0,0,0,0,0,0,0,1,1,Gima UK Ltd,Cereal & Bakery Products,Dry,5,24/05/2020,26/06/2020,33,0,0,-
482,0,1,0,1,0,0,1,0,0,1,0,0,1,0,0,0,0,1,0,0,1,Bahlsen,Cereal & Bakery Products,Dry,5,24/05/2020,01/02/2021,253,0,0,-
483,0,1,0,0,0,0,0,0,0,0,0,0,0,0,0,1,0,0,0,0,1,Lo-Dough Limited,Cereal & Bakery Products,Dry,5,29/05/2020,11/09/2020,105,0,0,-
484,0,0,0,0,0,0,1,0,0,0,0,0,0,0,0,0,0,1,0,0,1,Premier Foods,"Condiments, Dressings, Sauces & Spices",Dry,6,05/06/2020,31/03/2022,664,0,0,-
485,0,0,0,0,0,0,1,0,0,0,0,0,0,0,0,1,0,0,0,0,1,Fry's Family Foods,Ready-to-cook,Chilled,6,06/06/2020,12/06/2020,6,0,1,UB
486,0,0,0,0,0,0,1,0,0,0,0,0,0,0,0,1,0,0,0,0,1,Tesco,Ready-to-cook,Chilled,6,14/06/2020,21/06/2020,7,0,1,UB
487,0,0,0,0,0,0,0,0,0,0,0,0,1,0,0,0,1,0,0,0,1,Co-Op,Ready-to-cook,Chilled,6,19/06/2020,28/06/2020,9,0,0,-
488,0,0,0,0,0,0,1,0,0,1,0,0,0,0,0,0,0,0,1,0,1,Waitrose,Ready-to-cook,Frozen,7,08/07/2020,30/11/2021,510,0,0,-
489,1,0,0,0,0,0,0,0,1,0,0,0,0,0,0,0,0,1,0,0,1,JFC (UK) Ltd,"Condiments, Dressings, Sauces & Spices",Dry,7,09/07/2020,22/12/2020,166,0,0,-
490,0,0,0,0,1,0,0,0,0,0,0,0,0,0,0,0,0,1,0,0,1,Highland Bay Seafoods,Ready-to-cook,Frozen,7,17/07/2020,31/07/2020,14,0,0,-
491,0,0,0,0,1,0,0,0,0,0,1,0,0,0,0,0,0,0,1,0,1,Waitrose,Ready-to-cook,Chilled,8,10/08/2020,17/08/2020,7,0,1,UB
492,0,1,0,0,1,0,1,1,0,0,0,0,0,0,0,0,0,1,0,0,1,SPAR,Ready-to-cook,Frozen,8,24/08/2020,13/10/2021,415,0,0,-
493,0,1,0,0,1,0,1,1,0,0,0,0,0,0,0,0,0,1,0,0,1,SPAR,Ready-to-cook,Frozen,8,25/08/2020,31/10/2021,432,,,-
494,0,0,0,0,0,0,0,0,0,0,0,0,1,0,0,0,0,1,0,0,1,Holland & Barrett,Supplements,Dry,8,26/08/2020,28/02/2023,916,0,0,-
495,0,0,1,0,0,0,0,0,0,0,0,0,0,0,1,0,0,0,0,0,1,Freshasia Foods,Ready-to-cook,Frozen,9,02/09/2020,06/04/2021,216,0,0,-
496,0,0,0,0,0,0,0,0,0,0,1,0,0,0,0,0,1,0,0,0,1,JK Foods (UK),"Condiments, Dressings, Sauces & Spices",Dry,9,03/09/2020,,,0,0,-
497,0,0,0,0,0,0,0,0,1,0,0,0,0,0,0,0,0,1,0,0,1,Uncle Roy's,"Condiments, Dressings, Sauces & Spices",Dry,9,04/09/2020,30/06/2021,299,0,0,-
498,0,0,0,1,0,0,0,0,0,0,0,0,0,0,0,0,0,1,0,0,1,Van der Meulen ,Cereal & Bakery Products,Dry,9,07/09/2020,30/04/2021,235,0,0,-
499,0,1,0,0,0,0,0,0,0,0,0,0,0,0,0,0,0,0,1,0,1,Co-Op,Cereal & Bakery Products,Dry,9,08/09/2020,16/10/2020,38,0,0,-
500,0,0,0,0,0,0,0,0,0,0,1,0,0,0,1,0,0,0,0,0,1,Country Products Ltd,Sugar-based Confectionery,Dry,9,09/09/2020,21/07/2021,315,0,0,-
501,0,0,0,1,0,0,0,0,0,0,0,0,0,0,0,0,0,1,0,0,1,SPAR,Ready-to-cook,Chilled,9,15/09/2020,22/09/2020,7,0,1,UB
502,0,0,0,0,0,0,0,0,0,1,0,0,0,0,1,0,0,0,0,0,1,Waitrose,Cereal & Bakery Products,Dry,9,17/09/2020,06/10/2020,19,0,0,-
503,0,0,0,0,0,0,1,0,0,0,0,0,0,0,1,0,0,0,0,0,1,Stockley's,Sugar-based Confectionery,Dry,9,22/09/2020,28/02/2022,524,0,0,-
504,0,1,0,0,0,0,0,0,0,0,0,0,0,0,0,1,0,0,0,0,2,Worthenshaws Ltd,Ready-to-eat,Chilled,9,22/09/2020,02/09/2020,-20,1,1,UB
505,0,0,0,0,0,0,0,0,1,0,0,0,0,0,0,0,0,1,0,0,4,P&B Foods,"Condiments, Dressings, Sauces & Spices",Dry,10,06/10/2020,28/02/2022,510,0,0,-
506,0,0,0,1,0,0,0,0,0,0,0,0,0,0,0,0,0,1,0,0,1,Waitrose,Ready-to-cook,Chilled,10,06/10/2020,,,,,-
507,0,1,0,1,0,0,1,0,0,1,0,0,1,0,0,0,0,0,0,1,1,North South Retail,Sugar-based Confectionery,Dry,10,08/10/2020,,,,,-
508,0,0,0,1,0,0,0,0,0,0,0,0,0,0,1,0,0,0,0,0,1,Liroy B.V.,Ready-to-cook,Chilled,10,14/10/2020,01/09/2021,322,0,0,-
509,0,0,0,0,0,0,0,0,0,1,0,0,1,0,0,0,0,0,1,0,1,Waitrose,Sugar-based Confectionery,Dry,10,16/10/2020,30/11/2021,410,0,0,-
510,0,1,0,1,0,0,1,0,0,1,0,0,1,0,0,0,0,0,0,1,1,North South Retail,Sugar-based Confectionery,Dry,10,28/10/2020,06/10/2021,343,0,0,-
511,0,0,0,0,0,0,1,0,0,0,0,0,0,0,0,0,0,0,0,1,1,Waitrose,Ready-to-eat,Chilled,10,28/10/2020,31/05/2021,215,0,0,-
512,0,0,0,0,0,0,0,0,0,1,0,0,0,0,0,1,0,0,0,0,1,Cocoa Libre,Sugar-based Confectionery,Dry,10,30/10/2020,30/06/2021,243,0,0,-
513,0,1,0,0,0,0,1,0,0,1,1,0,1,0,0,0,0,0,0,1,1,Iceland,Sugar-based Confectionery,Frozen,11,05/11/2020,30/06/2021,237,0,0,-
514,0,0,0,0,0,0,1,0,0,0,0,0,0,0,0,0,0,0,1,0,1,Lidl ,Ready-to-cook,Frozen,11,06/11/2020,05/01/2022,425,0,0,-
515,0,0,0,0,0,0,1,0,0,0,0,0,0,0,0,1,0,0,0,0,1,Asda,Ready-to-cook,Chilled,11,13/11/2020,12/11/2020,-1,1,1,UB
516,0,0,0,0,0,0,0,0,0,1,0,0,0,0,0,0,0,1,0,0,22,Keylink,"Nut, Nut Products & Seeds",Dry,11,14/11/2020,31/12/2020,47,,,-
517,0,0,0,0,0,0,0,0,0,1,0,0,0,0,0,0,0,1,0,0,24,Keylink,"Nut, Nut Products & Seeds",Dry,11,17/11/2020,31/12/2020,44,0,0,-
518,1,1,0,1,1,0,1,0,1,1,0,0,1,1,0,0,0,0,0,1,12,Picard,Ready-to-cook,Frozen,12,10/12/2020,21/08/2021,254,0,0,-
519,0,1,0,0,0,0,0,0,0,0,0,0,0,0,0,1,0,0,0,0,1,Lakeland,Cereal & Bakery Products,Dry,12,10/12/2020,01/05/2021,142,0,0,-
520,0,0,0,0,0,0,1,0,0,0,0,0,0,0,0,0,0,0,1,0,1,Marks & Spencer,Ready-to-cook,Chilled,12,14/12/2020,14/12/2020,0,0,1,UB
521,0,0,0,0,0,0,0,0,0,0,0,0,0,1,0,0,0,0,1,0,1,Tesco,"Nut, Nut Products & Seeds",Dry,12,14/12/2020,31/05/2021,168,0,0,-
522,0,0,0,0,0,0,0,0,1,0,0,0,0,0,0,0,0,0,1,0,1,Windmill Organics,"Condiments, Dressings, Sauces & Spices",Dry,12,17/12/2020,15/05/2021,149,0,0,-
523,0,0,0,0,0,0,1,0,0,0,0,0,0,0,0,0,0,1,0,0,1,D'Haubry Bakery,Sugar-based Confectionery,Chilled,12,17/12/2020,21/10/2020,-57,1,1,BB
524,0,0,0,1,0,0,0,0,0,0,0,0,0,0,0,0,0,1,0,0,1,Costa Coffee,Cereal & Bakery Products,Dry,12,17/12/2020,07/01/2021,21,0,0,-
525,0,0,0,0,0,0,0,0,0,0,0,0,0,1,0,0,0,0,1,0,1,Tesco,"Nut, Nut Products & Seeds",Dry,12,22/12/2020,31/05/2021,160,0,0,-
526,0,0,0,0,0,0,1,0,0,0,0,0,0,0,0,1,0,0,0,0,1,Buchanan Distribution Ltd,Sugar-based Confectionery,Dry,12,24/12/2020,31/01/2021,38,0,0,-
527,0,1,0,1,0,0,0,0,1,1,0,0,1,0,0,0,0,1,0,0,1,ASK Italian,Cereal & Bakery Products,Dry,12,30/12/2020,30/09/2021,274,0,0,-
528,0,0,0,0,0,0,0,0,0,1,0,0,0,0,0,0,0,1,0,0,1,Premier Selection Sweets,Sugar-based Confectionery,Dry,1,08/01/2021,17/12/2021,343,0,0,-
529,0,0,0,0,0,0,0,0,0,0,0,0,1,0,1,0,0,0,0,0,1,Caterers Choice Ltd,Cereal & Bakery Products,Dry,1,14/01/2021,04/06/2023,871,0,0,-
530,0,0,0,0,0,0,0,0,0,0,0,0,1,0,0,0,0,1,0,0,1,Alternative Foods London Ltd,Cereal & Bakery Products,Dry,1,26/01/2021,26/01/2021,0,0,1,BB
531,0,0,0,0,0,0,0,0,0,1,0,0,0,0,0,0,0,0,1,0,1,Pasta Evangalists,"Condiments, Dressings, Sauces & Spices",Dry,2,03/02/2021,03/02/2021,0,0,1,UB
532,0,0,0,0,0,0,0,0,0,1,0,0,0,0,0,0,0,1,0,0,1,Waitrose,Cereal & Bakery Products,Dry,2,03/02/2021,05/02/2021,2,0,1,BB
533,0,0,0,0,0,0,0,0,0,0,1,0,0,0,1,0,0,0,0,0,1,Unisnacks Europe,Cereal & Bakery Products,Dry,2,18/02/2021,31/05/2021,102,0,0,-
534,0,0,0,0,0,0,0,0,0,1,0,0,0,0,1,0,0,0,0,0,3,Wessex Mill ,Cereal & Bakery Products,Dry,2,18/02/2021,18/02/2022,365,0,0,-
535,0,0,0,0,0,0,0,0,1,0,0,0,0,0,1,0,0,0,0,0,7,S.M. Pickles of Glastonbury,Ready-to-eat,Dry,2,25/02/2021,19/10/2021,236,0,0,-
536,1,1,0,0,0,0,0,0,1,1,0,1,0,0,0,0,0,1,0,0,5,Yekta Foods,Sugar-based Confectionery,Dry,3,13/03/2021,,,,,-
537,1,1,0,0,0,0,0,0,1,1,0,1,0,0,0,0,0,1,0,0,6,Yekta Foods,Sugar-based Confectionery,,3,14/03/2021,,,,,-
538,0,1,0,0,0,0,0,0,0,0,0,0,0,0,1,0,0,0,0,0,1,"
Merchant Gourmet",Cereal & Bakery Products,Dry,3,27/03/2021,31/12/2022,644,0,0,-
539,0,0,0,0,1,0,0,0,0,0,0,0,0,0,0,0,0,0,1,0,1,Little Dish,Ready-to-cook,Chilled,3,29/03/2021,18/04/2021,20,0,0,-
540,0,0,0,0,0,0,1,0,0,0,0,0,0,0,0,1,0,0,0,0,2,"
Jim Jams Spreads Ltd","Condiments, Dressings, Sauces & Spices",Dry,4,01/04/2021,,,,,-
541,0,1,0,0,0,0,1,0,0,1,0,0,1,0,0,0,0,0,0,1,2,Heron Foods,Sugar-based Confectionery,Dry,4,02/04/2021,30/10/2021,211,0,0,-
542,0,0,0,0,0,0,1,0,0,0,0,0,0,0,0,0,1,0,0,0,1,Yekta Foods,"Condiments, Dressings, Sauces & Spices",Dry,4,07/04/2021,30/06/2023,814,0,0,-
543,0,0,0,1,0,0,0,0,0,0,0,0,0,0,0,0,0,0,1,0,1,Tesco,"Condiments, Dressings, Sauces & Spices",Chilled,4,07/04/2021,12/04/2021,5,0,1,UB
544,0,0,0,0,0,0,0,0,0,1,0,0,0,0,0,0,0,0,1,0,1,"
Hotel Chocolat",Sugar-based Confectionery,Dry,4,14/04/2021,31/05/2021,47,0,0,-
545,0,0,0,0,0,0,0,0,0,1,0,0,0,0,1,0,0,0,0,0,1,Lactalis McLelland Ltd,Ready-to-eat,Chilled,4,17/04/2021,24/05/2021,37,0,0,-
546,0,0,0,0,0,0,0,0,0,0,0,0,1,0,0,0,0,1,0,0,4,"
Tees Ltd",Ready-to-cook,Dry,4,19/04/2021,,,,,-
547,0,1,0,0,0,0,0,0,0,0,0,0,0,0,0,0,0,1,0,0,1,Dunnes Stores,Ready-to-eat,Dry,4,23/04/2021,,,,,-
548,0,0,0,1,0,0,0,0,0,0,0,0,0,1,0,0,0,1,0,0,1,Hoffmans Foods,Ready-to-eat,Chilled,4,25/04/2021,13/05/2021,18,0,0,-
549,0,1,0,1,0,0,0,0,0,1,0,0,0,0,0,0,0,1,0,0,1,"
Hotel Chocolat",Sugar-based Confectionery,Dry,4,28/04/2021,31/10/2021,186,0,0,-
550,0,0,0,0,0,0,1,0,0,0,0,0,0,0,1,0,0,0,0,0,1,Wall’s,Sugar-based Confectionery,Frozen,4,30/04/2021,,,,,-
551,0,0,0,0,0,0,0,0,0,0,0,1,0,0,0,0,0,0,1,0,1,Tesco,Cereal & Bakery Products,Dry,5,07/05/2021,31/10/2021,177,0,0,-
552,0,0,1,1,1,0,0,1,0,0,0,0,0,0,0,0,0,0,1,0,1,Itsu,Ready-to-cook,Frozen,5,12/05/2021,11/04/2022,334,0,0,-
553,0,1,0,1,0,0,1,0,1,0,0,0,1,0,0,0,0,1,0,0,12,Homestyle Sandwiches,Ready-to-eat,Chilled,5,13/05/2021,,,,,-
554,0,0,0,0,0,0,1,0,0,0,0,0,0,0,0,1,0,0,0,0,1,Tesco,Sugar-based Confectionery,Frozen,5,14/05/2021,31/07/2022,443,0,0,-
555,0,0,0,0,0,0,1,0,0,0,0,0,0,0,0,1,0,0,0,0,1,Asda,Ready-to-cook,Frozen,5,14/05/2021,,,,,-
556,0,1,0,0,0,0,1,0,0,1,0,0,1,0,0,0,0,0,0,1,1,Morrisons,Sugar-based Confectionery,Dry,5,14/05/2021,,,,,-
557,0,0,0,0,0,0,1,0,0,0,0,0,0,0,0,0,1,0,0,0,1,Morrisons,Cereal & Bakery Products,Dry,5,17/05/2021,,,,,-
558,0,1,0,0,0,0,0,0,0,0,0,0,0,0,0,1,0,0,0,0,1,WH Smith,Cereal & Bakery Products,Dry,5,19/05/2021,29/04/2022,345,,,-
559,0,0,0,0,0,0,1,0,0,0,0,0,0,0,0,0,0,0,1,0,1,Waitrose,Ready-to-cook,Chilled,5,21/05/2021,27/05/2021,6,0,1,UB
560,0,1,0,0,0,0,0,0,0,0,0,0,0,0,0,1,0,0,0,0,1,Novo Farina,Cereal & Bakery Products,Dry,5,21/05/2021,29/04/2022,343,0,0,-
561,0,0,0,0,0,0,0,0,0,0,0,0,1,0,0,0,0,1,0,0,1,Liroy B.V.,Ready-to-cook,Dry,5,26/05/2021,01/03/2022,279,,,-
562,0,0,0,0,0,0,1,0,0,0,0,0,0,0,0,0,0,0,1,0,1,PepsiCo,Cereal & Bakery Products,Dry,5,28/05/2021,11/09/2021,106,0,0,-
563,0,0,0,0,0,0,0,0,0,0,0,1,0,0,0,0,0,1,0,0,1,Wilton Wholefoods,Cereal & Bakery Products,Dry,5,28/05/2021,31/05/2021,3,0,1,BB
564,0,0,0,0,0,0,1,0,0,0,1,0,1,0,0,0,0,1,0,0,1,Polish Specialities,Cereal & Bakery Products,Dry,5,28/05/2021,19/07/2021,52,0,0,-
565,0,0,0,0,0,0,0,0,0,0,0,0,1,0,0,0,0,1,0,0,1,Liroy B.V.,Ready-to-cook,Dry,5,29/05/2021,01/09/2021,95,0,0,-
566,0,0,0,0,0,0,0,0,0,0,1,0,0,0,0,0,0,1,0,0,1,TJ Morris,Cereal & Bakery Products,Dry,6,04/06/2021,,,,,-
567,0,1,0,0,0,0,0,0,0,0,0,0,0,0,0,1,0,0,0,0,1,Novo Farina,Cereal & Bakery Products,Dry,6,04/06/2021,28/01/2022,238,0,0,-
568,0,0,0,0,0,0,1,0,0,0,0,0,0,0,1,0,0,0,0,0,7,Eat Real,Cereal & Bakery Products,Dry,6,04/06/2021,31/05/2022,361,0,0,-
569,0,0,0,0,0,0,0,0,0,0,0,0,1,0,0,0,0,1,0,0,1,Liroy B.V.,Ready-to-cook,Dry,6,07/06/2021,,,,,-
570,1,0,0,0,0,0,0,0,0,0,0,0,0,0,0,0,0,1,0,0,1,Morrisons,Ready-to-cook,Chilled,6,11/06/2021,16/06/2021,5,0,1,UB
571,0,0,0,0,0,0,1,0,0,0,0,0,0,0,0,1,0,0,0,0,3,The Skinny Food Co,Cereal & Bakery Products,Dry,6,15/06/2021,31/12/2021,199,0,0,-
572,0,0,0,0,0,0,1,0,0,0,0,0,0,0,0,1,0,0,0,0,3,The Skinny Food Co,Cereal & Bakery Products,Dry,6,16/06/2021,31/12/2021,198,0,0,-
573,0,0,0,0,0,0,0,0,0,0,1,0,0,0,1,0,0,0,0,0,1,KGN London,Cereal & Bakery Products,Dry,6,22/06/2021,30/11/2021,161,0,0,-
574,0,1,0,0,0,0,0,0,0,0,0,0,0,0,0,0,0,1,0,0,1,Morrisons,Ready-to-eat,Chilled,7,01/07/2021,06/07/2021,5,0,1,UB
575,0,0,0,0,0,0,0,0,0,0,0,0,0,1,0,0,0,1,0,0,1,SPAR,Cereal & Bakery Products,Dry,7,07/07/2021,23/07/2021,16,0,0,-
576,0,0,1,0,0,0,0,0,0,0,0,0,0,0,0,0,0,1,0,0,4,Avoca,Ready-to-cook,Chilled,7,08/07/2021,15/07/2021,7,0,1,UB
577,0,0,0,0,0,0,1,0,0,0,0,0,0,0,0,1,0,0,0,0,1,Sainsbury's,Ready-to-cook,Chilled,7,12/07/2021,17/07/2021,5,0,1,UB
578,0,1,0,0,0,0,0,0,0,0,0,0,0,0,0,0,0,1,0,0,1,Co-Op,Ready-to-cook,Chilled,7,23/07/2021,31/07/2021,8,0,0,-
579,0,0,0,0,0,0,1,0,0,0,0,0,0,0,0,0,0,0,1,0,1,KP Snacks,Cereal & Bakery Products,Dry,7,29/07/2021,02/07/2022,338,0,0,-
580,0,0,0,0,0,0,0,0,0,1,0,0,0,0,0,0,0,0,1,0,1,Tesco,Sugar-based Confectionery,Dry,7,30/07/2021,30/09/2022,427,0,0,-
581,0,0,1,0,0,0,1,1,1,0,0,0,0,1,1,0,0,0,0,0,2,SPAR,Ready-to-cook,Chilled,7,30/07/2021,,,,,-
582,0,0,0,0,0,0,0,0,0,0,0,0,1,0,0,0,0,0,1,0,1,Booths,Ready-to-cook,Chilled,7,31/07/2021,06/08/2021,6,0,1,UB
583,0,1,0,0,0,0,0,0,1,0,0,0,0,0,0,0,0,0,1,0,1,Aldi,Ready-to-cook,Chilled,8,06/08/2021,16/08/2021,10,0,0,-
584,0,0,0,0,0,0,1,0,0,0,0,0,0,0,0,0,1,0,0,0,1,Lidl ,Ready-to-cook,Frozen,8,19/08/2021,,,,,-
585,0,0,0,0,0,0,1,0,0,0,0,0,0,0,0,0,0,0,1,0,1,Sainsbury's,Ready-to-eat,Chilled,8,25/08/2021,30/08/2021,5,0,1,UB
586,0,1,0,0,0,0,0,0,0,0,0,0,0,0,0,0,0,0,1,0,1,Quorn Foods,Ready-to-eat,Chilled,8,26/08/2021,,,,,-
587,0,0,0,0,0,0,1,0,0,0,0,0,0,0,1,0,0,0,0,0,1,Bayley and Sage,Ready-to-cook,Chilled,8,30/08/2021,,,,,-
588,0,0,0,0,0,0,1,0,0,0,0,0,0,0,1,0,0,0,0,0,2,Tesco,"Condiments, Dressings, Sauces & Spices",Dry,9,07/09/2021,30/06/2022,296,0,0,-
589,0,0,0,0,0,0,1,0,0,0,0,0,0,0,1,0,0,0,0,0,1,SFC Wholesale Ltd,Ready-to-cook,Frozen,9,08/09/2021,30/09/2022,387,0,0,-
590,0,1,0,0,0,0,0,0,0,0,0,0,0,0,1,0,0,0,0,0,1,Edwards of Conwy,Ready-to-cook,Chilled,9,16/09/2021,11/09/2021,-5,1,1,UB
591,0,0,0,1,0,0,0,0,0,0,0,0,0,0,1,0,0,0,0,0,1,Asda,Ready-to-cook,Chilled,10,07/10/2021,14/10/2021,7,0,1,UB
592,0,0,0,0,0,0,0,0,0,1,0,0,0,0,0,0,0,0,1,0,1,Waitrose,Sugar-based Confectionery,Dry,10,11/10/2021,30/11/2021,50,0,0,-
593,0,1,0,0,0,0,0,0,0,0,0,0,0,0,0,0,0,0,1,0,1,"
Frank and Honest",Beverages,Chilled,10,16/10/2021,03/05/2022,199,0,0,-
594,0,0,0,0,0,0,0,0,1,0,0,0,1,0,0,0,0,0,0,1,1,JK Foods (UK),"Condiments, Dressings, Sauces & Spices",Dry,10,21/10/2021,28/08/2022,311,0,0,-
595,0,1,0,0,0,0,0,0,0,0,0,0,1,0,1,0,0,0,0,0,1,Asda,Ready-to-cook,Chilled,10,22/10/2021,29/10/2021,7,0,1,UB
596,0,0,0,0,0,0,0,0,0,0,0,0,1,0,1,0,0,0,0,0,2,Marks & Spencer,Ready-to-cook,Chilled,10,27/10/2021,03/11/2021,7,0,1,UB
597,0,1,0,0,0,0,0,0,0,0,0,0,0,0,0,0,0,0,1,0,1,Lindt & Sprungli Ltd,Sugar-based Confectionery,Dry,10,27/10/2021,30/06/2022,246,0,0,-
598,0,0,0,0,0,0,0,0,1,0,0,0,0,0,1,0,0,0,0,0,1,Sainsbury's,Ready-to-cook,Chilled,10,29/10/2021,30/10/2021,1,0,1,UB
599,0,0,0,0,0,0,1,0,0,0,0,0,0,0,1,0,0,0,0,0,1,Iceland,Ready-to-eat,Chilled,10,31/10/2021,03/11/2021,3,0,1,UB
600,0,0,1,0,0,0,0,0,0,0,0,0,0,0,0,0,0,0,1,0,1,Co-Op,Ready-to-cook,Chilled,11,08/11/2021,11/11/2021,3,0,1,UB
601,0,0,0,0,0,0,0,0,0,0,0,1,0,0,0,0,0,1,0,0,1,Crunchy Bakery,Cereal & Bakery Products,Dry,11,10/11/2021,13/11/2021,3,0,1,BB
602,0,0,0,0,0,0,1,0,0,0,0,0,0,0,1,0,0,0,0,0,1,Tesco,"Condiments, Dressings, Sauces & Spices",Chilled,11,11/11/2021,21/11/2021,10,0,0,-
603,0,1,0,0,0,0,0,0,0,0,0,0,0,0,1,0,0,0,0,0,2,U.M.I. Foods,Ready-to-cook,Chilled,11,19/11/2021,22/11/2021,3,0,1,UB
604,0,0,0,1,0,0,0,0,0,0,0,0,0,0,0,0,0,0,1,0,1,Waitrose,Ready-to-cook,Frozen,11,20/11/2021,31/03/2023,496,0,0,-
605,0,1,0,0,0,0,0,0,0,1,0,0,1,0,0,0,0,0,1,0,2,Cook Trading Limited,Cereal & Bakery Products,Frozen,11,26/11/2021,07/03/2022,101,0,0,-
606,0,0,0,0,0,0,1,0,0,0,0,0,0,0,1,0,0,0,0,0,2,Pieminister,Ready-to-cook,Chilled,11,30/11/2021,04/12/2021,4,0,1,BB
607,0,1,0,0,0,0,0,0,0,0,0,0,0,0,1,0,0,0,0,0,1,Naturya,Supplements,Dry,12,01/12/2021,31/03/2024,851,0,0,-
608,0,0,0,0,0,0,1,0,0,0,0,0,0,0,1,0,0,0,0,0,1,PepsiCo,Cereal & Bakery Products,Dry,12,07/12/2021,,,,,-
609,0,1,0,0,0,0,0,0,0,0,0,0,0,0,0,1,0,0,0,0,1,Marks & Spencer,Cereal & Bakery Products,Dry,12,17/12/2021,19/12/2021,2,0,1,BB
610,0,0,0,0,0,0,0,0,0,0,0,0,0,1,1,0,0,0,0,0,1,Dunnes Stores,Ready-to-eat,Chilled,12,22/12/2021,14/01/2022,23,0,0,-
611,0,0,0,0,0,0,0,0,1,0,0,0,0,1,0,0,0,0,1,0,1,Bennett Opie Ltd,"Condiments, Dressings, Sauces & Spices",Dry,12,22/12/2021,30/11/2024,1074,0,0,-